label,name,notice,furigana
粗大ごみ,アームスタンド（電気スタンド）,30cm角程度より小さいものは燃やせないごみ,あ
燃やせるごみ,アイスクリームの棒木製,,あ
燃やせないごみ,アイスクリームの棒プラスチック製,,あ
燃やせるごみ,アイスクリームの容器・ふた紙製,リサイクルが困難なため,あ
プラスチック製容器包装,アイスクリームの容器・ふたプラスチック製,,あ
燃やせないごみ,アイスノン,,あ
燃やせないごみ,アイスピック,危険のないように新聞紙等で包む。,あ
粗大ごみ,アイロン,,あ
粗大ごみ,アイロン台,,あ
プラスチック製容器包装,アイロン用のり容器プラスチック製,必ず中身を使い切って、汚れを落とす。,あ
燃やせないごみ,垢すりナイロン製,,あ
燃やせるごみ,垢すり布製,,あ
缶・びん・ペットボトル,あき缶アルミ・スチール製,飲・食品用,あ
燃やせないごみ,あき缶,飲・食品用以外,あ
缶・びん・ペットボトル,あきびんびん,飲・食品用,あ
燃やせないごみ,あきびん,飲・食品用以外,あ
粗大ごみ,アコーディオン（楽器）,,あ
粗大ごみ,アコーディオンカーテン,,あ
燃やせるごみ,足拭きマット布製,45リットルのごみ袋に入らないものは粗大ごみ,あ
燃やせないごみ,足拭きマットプラスチック製（屋外用等）,,あ
燃やせないごみ,アタッシュケース革・金属製,手提げカバン　45リットルのごみ袋に入らないものは粗大ごみ,あ
燃やせないごみ,アダプター,,あ
雑誌・ダンボール・紙パック,厚紙,,あ
燃やせないごみ,圧力鍋,30cm角程度より大きいものは粗大ごみ,あ
燃やせるごみ,油（食用油）,ボロ布などにしみこませるか、凝固剤を使用。地域で廃油回収を行っているところはご協力をお願いします。,あ
燃やせるごみ,油紙,リサイクルが困難なため,あ
燃やせないごみ,油こし容器,,あ
燃やせるごみ,油取り紙,リサイクルが困難なため,あ
燃やせるごみ,油の凝固剤,,あ
缶・びん・ペットボトル,油の容器缶・びん,必ず中身を使い切って、汚れを落とす。,あ
プラスチック製容器包装,油の容器プラスチック製,,あ
燃やせないごみ,雨カッパビニール製,,あ
粗大ごみ,雨どい,日曜大工で出たものに限る。,あ
燃やせないごみ,網ナイロン・金属製等,45リットルのごみ袋に入らないものは粗大ごみ,あ
粗大ごみ,編み機,,あ
粗大ごみ,網戸,日曜大工で出たものに限る。,あ
燃やせないごみ,網戸の網ビニール製,,あ
燃やせないごみ,編み針金属製,紙などに包む。,あ
燃やせるごみ,編み針竹製,,あ
燃やせるごみ,飴の包装紙製,リサイクルが困難なため,あ
プラスチック製容器包装,飴の包装プラスチック製,,あ
有害ごみ,アルカリ電池,市役所・支所の回収箱に入れるか、粗大ごみを出すときに透明のポリ袋に入れて出してください。,あ
燃やせるごみ,アルバム紙製,金属、プラスチック、ビニール（フィルム）をはずす。リサイクルが困難なため。,あ
プラスチック製容器包装,アルミコーティング袋（レトルト食品用）,汚れのとれないものは燃やせないごみ,あ
燃やせないごみ,アルミトレイ,,あ
燃やせないごみ,アルミ鍋,30cm角程度より大きいものは粗大ごみ,あ
燃やせないごみ,アルミ箔鍋,,あ
市で処理できない,アルミホイール（車両用）,販売店・専門の処理業者に相談するか、引取りを依頼してください。産業廃棄物の処理については、県環境指導課（電話：088-621-2269）へお問い合わせください。,あ
燃やせないごみ,アルミホイル（調理用）,,あ
雑誌・ダンボール・紙パック,アルミホイルの芯紙製,,あ
燃やせないごみ,泡立て器（電気式）,電池は外す。,あ
燃やせないごみ,泡立て器,,あ
燃やせないごみ,あんか,,あ
燃やせないごみ,アンクレット,,あ
燃やせないごみ,安全靴,,あ
燃やせないごみ,安全ピン,危険のないように新聞紙等で包む。,あ
粗大ごみ,アンテナ（FM用、BS用、テレビ用）,,あ
粗大ごみ,アンプ,30cm角程度より小さいものは燃やせないごみ,あ
粗大ごみ,あんま機,30cm角程度より小さいものは燃やせないごみ,あ
粗大ごみ,イーゼル,,い
燃やせるごみ,生け花,,い
市で処理できない,石,販売店・建設業者・処理業者にご相談するか、引取りを依頼してください。,い
粗大ごみ,衣装ケース,,い
粗大ごみ,いす木・金属製,2人掛け以上のものは1脚で1個扱い。1人掛けは2脚で1個扱い。,い
燃やせるごみ,板切れ,30cm角程度より大きいものは粗大ごみ。上限は1m50cmまで,い
プラスチック製容器包装,いちごのパックプラスチック製,,い
粗大ごみ,一輪車,,い
缶・びん・ペットボトル,一升びん,できるだけ購入した販売店等に返却してください。,い
粗大ごみ,一斗缶,必ず中身を使い切って出してください。,い
燃やせるごみ,糸,,い
粗大ごみ,犬小屋,解体をお願いする場合があります。,い
燃やせないごみ,鋳物,30cm角程度より大きいものは粗大ごみ,い
燃やせないごみ,イヤホン,,い
燃やせないごみ,イヤリング,,い
プラスチック製容器包装,衣料品のビニール袋,,い
燃やせるごみ,衣類,小さく切って袋に入れる。,い
市で処理できない,衣類乾燥機,家電リサイクル法により有料でメーカーが引取り,い
燃やせないごみ,イルミネーション,45リットルのごみ袋に入らないものは粗大ごみ,い
燃やせないごみ,入れ歯,,い
燃やせないごみ,入れ歯接着剤チューブ金属製,,い
プラスチック製容器包装,入れ歯接着剤チューブプラスチック製,汚れのとれないものは燃やせないごみ,い
燃やせるごみ,色鉛筆,,い
燃やせるごみ,印鑑木製,,い
燃やせないごみ,印鑑木製以外,,い
燃やせるごみ,インク,新聞紙などにしみ込ませる。,い
燃やせないごみ,インクの容器びん,,い
プラスチック製容器包装,インクの容器プラスチック製,必ず中身を使い切って、汚れを落とす。,い
燃やせないごみ,インクリボン,,い
燃やせないごみ,インスタントカメラ,,い
プラスチック製容器包装,インスタントラーメンの袋・容器プラスチック製,,い
燃やせないごみ,インターホン,日曜大工で出たものに限る。,い
雑誌・ダンボール・紙パック,飲料パック紙製,500ml以上の紙パックが対象。洗って、開いて、乾かして、ポリ袋に入れてから、ひもで十字に縛る。内側がアルミ箔の紙パックは燃やせるごみ,い
燃やせるごみ,飲料パック（内側銀色）紙製,リサイクルが困難なため,い
缶・びん・ペットボトル,ウィスキーのびんびん,,う
粗大ごみ,ウィンドーファン,,う
燃やせるごみ,ウインドブレーカー,ビニール製のものは燃やせないごみ,う
燃やせるごみ,植木（剪定くず）,30cm以下に切る。一世帯5袋まで。（落葉・草含む）,う
プラスチック製容器包装,植木（苗）ポットプラスチック製,,う
粗大ごみ,植木の台,,う
燃やせないごみ,植木ばさみ,30cm角程度より大きいものは粗大ごみ（刃の部分は新聞紙等で包む）,う
燃やせないごみ,植木鉢陶器・プラスチック製,30cm角程度より大きいものは粗大ごみ,う
燃やせないごみ,ウエストバック（ポーチ）,,う
燃やせないごみ,ウエットスーツゴム製,1m以下に切ってください。,う
燃やせるごみ,ウェットティッシュ,,う
プラスチック製容器包装,ウェットティッシュのケース,,う
燃やせないごみ,ウォークマン,,う
粗大ごみ,ウォシュレット,日曜大工で出たものに限る。,う
燃やせないごみ,浮き袋・浮輪,中の空気を抜いてから出してください。,う
粗大ごみ,うす石・木製,,う
粗大ごみ,雨水枡のふた,日曜大工で出たものに限る。,う
燃やせるごみ,うちわ木製,,う
燃やせないごみ,うちわプラスチック製,,う
粗大ごみ,ウッドカーペット,,う
燃やせないごみ,腕時計,,う
粗大ごみ,乳母車,,う
粗大ごみ,羽毛ふとん,2枚で1個扱い。,う
粗大ごみ,ウレタンマット,30cm角程度より小さいものは燃やせないごみ,う
燃やせないごみ,うろこ取り,,う
燃やせないごみ,運動靴,,う
燃やせないごみ,エアークッション,中の空気を抜いてから出してください。,え
プラスチック製容器包装,エアキャップ,気泡緩衝剤（プチプチ）,え
市で処理できない,エアコン,家電リサイクル法により有料でメーカーが引取り,え
燃やせないごみ,エアポンププラスチック製,,え
粗大ごみ,エアマット,,え
粗大ごみ,映写機（家庭用）,,え
缶・びん・ペットボトル,栄養ドリンクのびん,金属製のふたは外して燃やせないごみ,え
市で処理できない,液晶テレビ,家電リサイクル法により有料でメーカーが引取り,え
プラスチック製容器包装,液体のりの容器プラスチック製,チューブなどで汚れが落とせないものは燃やせないごみ,え
プラスチック製容器包装,液体肥料の容器プラスチック製,必ず中身を使い切って、汚れを落とす。,え
燃やせるごみ,枝,30cm以下に切る。一世帯5袋まで（落葉・草含む）,え
粗大ごみ,枝切りバサミ,30cm角程度より小さいものは燃やせないごみ（刃の部分は新聞紙等で包む）,え
燃やせないごみ,柄つきタワシプラスチック製,45リットルのごみ袋に入らないものは粗大ごみ,え
燃やせるごみ,柄つきタワシ木製,,え
燃やせないごみ,絵の具チューブ,,え
雑誌・ダンボール・紙パック,絵の具の紙箱,,え
燃やせるごみ,エプロン布製,小さく切って袋に入れる。,え
燃やせないごみ,エプロンビニール製,,え
雑誌・ダンボール・紙パック,絵本,,え
燃やせないごみ,MO（光磁気ディスク）,,え
燃やせないごみ,MD（ミニディスク）,,え
燃やせないごみ,MDプレーヤー,,え
粗大ごみ,えもん掛け,,え
燃やせないごみ,LD（レーザーディスク）,,え
粗大ごみ,LDプレーヤー,,え
粗大ごみ,エレキギター,,え
粗大ごみ,エレクトーン,,え
粗大ごみ,園芸バリカン,30cm角程度より小さいものは燃やせないごみ（刃は危険のないように新聞紙等で包む。）,え
燃やせないごみ,園芸用スポンジ,,え
プラスチック製容器包装,園芸用（土・肥料等）の袋プラスチック製,中身を使い切って、汚れを落とす。,え
市で処理できない,エンジン,販売店・専門の処理業者に相談するか、引取りを依頼してください。,え
粗大ごみ,縁台,,え
燃やせないごみ,延長コード,,え
燃やせないごみ,塩ビ管,45リットルのごみ袋に入らない物は粗大ごみ。日曜大工に出たものに限る。,え
燃やせるごみ,鉛筆,,え
燃やせないごみ,鉛筆削り器,,え
燃やせるごみ,オイル（機械用）,新聞紙などにしみ込ませる。,お
燃やせないごみ,オイルの缶,18リットル以上は粗大ごみ。必ず中身は使い切って出してください。,お
粗大ごみ,オイルヒーター,,お
燃やせないごみ,王冠（キャップ）,,お
粗大ごみ,応接セット（テーブル・ソファー）,2人掛けは1脚で1個扱い、1人掛けは2脚で1個扱い。テーブルは1個で1個扱い。,お
雑誌・ダンボール・紙パック,OA用紙,,お
粗大ごみ,オーディオ製品,30cm角程度より小さいものは燃やせないごみ,お
粗大ごみ,オーディオラック,,お
市で処理できない,オートバイ,販売店・専門の処理業者にご相談するか、引取りを依頼してください。,お
プラスチック製容器包装,オードブル容器プラスチック製,,お
燃やせないごみ,オーブントースター,30cm角程度より大きいものは粗大ごみ,お
粗大ごみ,オーブンレンジ,30cm角程度より小さいものは燃やせないごみ,お
プラスチック製容器包装,お菓子・パンなどの袋プラスチック製,,お
雑誌・ダンボール・紙パック,お菓子の箱,,お
燃やせないごみ,置時計,30cm角程度より大きいものは粗大ごみ,お
燃やせないごみ,桶プラスチック製,45リットルのごみ袋に入らない物は粗大ごみ,お
燃やせるごみ,桶木製,,お
粗大ごみ,押入れ収納ケースプラスチック製,,お
燃やせないごみ,押しピン,紙などに包む。,お
燃やせないごみ,おしゃぶり,,お
燃やせるごみ,オタマ（杓子）木製,,お
燃やせないごみ,オタマ（杓子）プラスチック・金属製,,お
燃やせるごみ,落ち葉,一世帯5袋まで（木、草含めて）,お
缶・びん・ペットボトル,お茶の缶,,お
燃やせるごみ,お手拭き,,お
プラスチック製容器包装,お手拭きの袋,,お
燃やせないごみ,落し蓋金属製,,お
燃やせるごみ,落し蓋木製,,お
プラスチック製容器包装,おにぎりの外装フィルム,,お
粗大ごみ,斧,危険のないように厚紙等で包む。,お
燃やせるごみ,帯,小さく切って袋に入れる。,お
燃やせないごみ,おひつプラスチック製,,お
燃やせるごみ,おひつ木製,,お
燃やせないごみ,汚物入れプラスチック・金属製,,お
燃やせるごみ,おぼん木製,30cm角程度より大きいものは粗大ごみ,お
燃やせないごみ,おぼん木製以外,,お
粗大ごみ,おまる,洗浄してください。,お
燃やせるごみ,おむつ紙・布製,汚物はトイレに,お
燃やせるごみ,おむつカバー,,お
燃やせるごみ,おもちゃ木製,30cm角程度より大きいものは粗大ごみ,お
燃やせないごみ,おもちゃ木製以外,,お
粗大ごみ,おもちゃ（乗り物）,,お
雑誌・ダンボール・紙パック,おもちゃの空き箱紙製,,お
燃やせないごみ,おもり（つり用）鉄・鉛,,お
雑誌・ダンボール・紙パック,折り紙,小さいものは封筒や紙袋に入れて出す。,お
新聞紙,折り込みチラシ（新聞）,新聞紙と一緒に束ねて出してください。,お
粗大ごみ,折りたたみ椅子,2脚で1個扱い。30cm角程度より小さいものは燃やせないごみ,お
燃やせないごみ,折りたたみ傘,,お
粗大ごみ,折りたたみテーブル,30cm角程度より小さいものは燃やせないごみ,お
プラスチック製容器包装,折り詰め容器プラスチック製,,お
燃やせるごみ,折り詰め容器紙製,リサイクルが困難なため,お
粗大ごみ,オルガン,,お
燃やせないごみ,オルゴール,30cm角程度より大きいものは粗大ごみ,お
燃やせないごみ,おろしがね,,お
燃やせないごみ,オロナインの容器びん・金属チューブ,,お
燃やせるごみ,おわん木製,,お
燃やせないごみ,おわん木製以外,,お
市で処理できない,温水器、ソーラー,販売店・専門の処理業者にご相談するか、引取りを依頼してください。,お
燃やせないごみ,温度計,体温計（水銀）は有害ごみ,お
粗大ごみ,温冷庫（車載用）,ポータブル用の小型冷蔵庫,お
燃やせないごみ,カーステレオ（カーコンポ）,自分で取り外したものに限る。,か
燃やせるごみ,ガーゼ,,か
粗大ごみ,カーテン,,か
粗大ごみ,ガーデンフェンス,,か
粗大ごみ,カーテンレール,,か
燃やせるごみ,カードゲーム,,か
燃やせないごみ,カートリッジ（プリンター）,市役所・支所等の回収箱もご利用ください。,か
燃やせるごみ,ガードル,,か
燃やせるごみ,カード類紙製,リサイクルが困難なため,か
燃やせないごみ,カード類プラスチック製,,か
燃やせないごみ,カーナビゲーション,自分で取り外したものに限る。,か
粗大ごみ,カーペット,,か
粗大ごみ,カーペットローラー,30cm角程度より小さいものは燃やせないごみ,か
燃やせるごみ,カーボン紙,リサイクルが困難なため,か
燃やせないごみ,カーマット（自家用車用）,45リットルのごみ袋に入らないものは粗大ごみ,か
燃やせないごみ,カーラー,,か
燃やせるごみ,貝殻,,か
燃やせないごみ,懐中電灯,電池は外す。,か
粗大ごみ,買物カート,,か
燃やせないごみ,買物かごプラスチック製,45リットルのごみ袋に入らないものは粗大ごみ,か
燃やせるごみ,買物かご竹・布製,,か
燃やせないごみ,カイロ金属製・使い捨て,,か
燃やせないごみ,鏡,30cm角程度より大きいものは粗大ごみ,か
燃やせないごみ,鍵,,か
粗大ごみ,かき氷機,電池は外してください。30cm角程度より小さいものは燃やせないごみ,か
粗大ごみ,学習机,,か
燃やせないごみ,拡大鏡（虫めがね）,,か
燃やせるごみ,額縁木製,ガラスは取り外して燃やせないごみ,か
燃やせないごみ,額縁プラスチック・アルミ製,45リットルのごみ袋に入らないものは粗大ごみ,か
燃やせるごみ,掛け軸,,か
燃やせないごみ,掛時計,30cm角程度より大きいものは粗大ごみ,か
粗大ごみ,掛け布団,2枚で1個扱い,か
燃やせないごみ,かごプラスチック製,45リットルのごみ袋に入らないものは粗大ごみ,か
燃やせるごみ,かご竹製,,か
燃やせないごみ,かさ,,か
粗大ごみ,かさ立てプラスチック・金属製,30cm角程度より小さいものは燃やせないごみ,か
缶・びん・ペットボトル,菓子缶,一斗缶は粗大ごみ,か
燃やせないごみ,加湿器,30cm角程度より大きいものは粗大ごみ,か
雑誌・ダンボール・紙パック,菓子箱紙製,雑がみとして雑誌と一緒に束ねて出す。,か
プラスチック製容器包装,菓子袋プラスチック製,,か
粗大ごみ,ガスコンロ,,か
粗大ごみ,ガスストーブ,,か
燃やせるごみ,カスタネット木製,,か
粗大ごみ,ガステーブル,,か
市で処理できない,ガスボンベ（プロパンガス用）,販売店・専門の処理業者にご相談するか、引取りを依頼してください。,か
粗大ごみ,ガス湯沸器,自分で取り外したものに限る。,か
燃やせないごみ,ガスライター,必ず中身を使い切って出してください。,か
粗大ごみ,ガスレンジ,,か
燃やせないごみ,カセットコンロ,ガスボンベ、電池は抜き取ってください。30cm角程度より大きいものは粗大ごみ,か
燃やせないごみ,カセットコンロのガスボンベ缶,必ず中身を使い切って風通しの良い屋外等で穴をあけて、他の燃やせないごみとは別袋にして出してください。,か
燃やせないごみ,カセットテープ,,か
燃やせないごみ,カセットテープのケース,,か
粗大ごみ,カセットデッキ,30cm角程度より小さいものは燃やせないごみ,か
市で処理できない,ガソリン,販売店・専門の処理業者に相談するか、引取りを依頼してください。,か
粗大ごみ,ガソリン携行缶,必ず中身を使い切ってフタを開け、乾いた状態で出してください。,か
雑誌・ダンボール・紙パック,カタログ,雑がみとして雑誌と一緒に束ねて出す。,か
燃やせないごみ,カチューシャ,,か
燃やせるごみ,活性炭,,か
燃やせないごみ,カッターナイフ,刃の部分は危険のないように新聞紙等で包む。,か
燃やせるごみ,カットウィッグ,家庭から出たものに限る。,か
燃やせないごみ,カッパ（雨ガッパ）,,か
プラスチック製容器包装,カップめんの調味料袋,汚れのとれないものは燃やせないごみ,か
燃やせるごみ,カップめんのふた紙製,リサイクルが困難なため,か
プラスチック製容器包装,カップめんのふたプラスチック製,,か
プラスチック製容器包装,カップめんの包装フィルム,,か
燃やせるごみ,カップめんの容器紙製,リサイクルが困難なため,か
プラスチック製容器包装,カップめんの容器プラスチック製,,か
プラスチック製容器包装,カップ類プラスチック製,プリン・カップめん類の容器,か
燃やせるごみ,かつら,,か
燃やせるごみ,蚊取り線香,,か
燃やせないごみ,蚊取り線香（電気式）,電池は外す。,か
燃やせないごみ,蚊取り線香の容器（缶）金属製,,か
燃やせないごみ,金網,家庭から出たものに限る。45リットルのごみ袋に入らないものは粗大ごみ,か
燃やせないごみ,かなづち,,か
燃やせないごみ,かばん,45リットルのごみ袋に入らないものは粗大ごみ,か
粗大ごみ,画板木・プラスチック製,,か
燃やせないごみ,画びょう,危険のないように新聞紙等で包む。,か
燃やせないごみ,花瓶,,か
燃やせないごみ,壁紙ビニール製,日曜大工で出たものに限る。,か
燃やせるごみ,壁紙紙製,,か
燃やせないごみ,鎌,刃の部分は危険のないように新聞紙等で包む。,か
粗大ごみ,釜,30cm角程度より小さいものは燃やせないごみ,か
燃やせるごみ,かまぼこ板木製,,か
燃やせるごみ,紙おむつ,汚物はトイレへ,か
プラスチック製容器包装,紙おむつの外袋,,か
燃やせるごみ,紙くず,,か
燃やせるごみ,紙コップ,リサイクルが困難なため,か
燃やせるごみ,紙皿,リサイクルが困難なため,か
燃やせないごみ,かみそり,刃の部分は危険のないように新聞紙等で包む。,か
燃やせないごみ,かみそり（電気式）,バッテリー・電池は外してください。,か
燃やせないごみ,かみそりの刃,紙などに包む。,か
燃やせるごみ,紙粘土,,か
燃やせるごみ,髪の毛,理髪店・美容院のものは収集できません。,か
雑誌・ダンボール・紙パック,紙パック,500ml以上の紙パックが対象。洗って、開いて、乾かして、ポリ袋に入れてから、ひもで十字に縛る。内側がアルミ箔の紙パックは燃やせるごみ,か
雑誌・ダンボール・紙パック,紙袋,雑がみとして雑誌と一緒に束ねて出す。,か
燃やせるごみ,紙袋の取っ手布製,,か
燃やせないごみ,紙袋の取っ手プラスチック製,,か
燃やせるごみ,紙やすり（サンドペーパー）,,か
燃やせるごみ,ガム,,か
燃やせるごみ,ガムテープ,,か
燃やせないごみ,カメラ,,か
燃やせないごみ,カメラの望遠レンズ,,か
粗大ごみ,蚊帳（かや）,,か
雑誌・ダンボール・紙パック,画用紙,,か
粗大ごみ,カラーボックス,,か
粗大ごみ,カラオケ機,,か
燃やせないごみ,カラオケ用カセットテープ,,か
燃やせないごみ,ガラス,危険のないよう新聞紙等に包む。30cm角程度より大きい物は粗大ごみ,か
燃やせないごみ,軽石,,か
燃やせるごみ,枯れ草,一世帯5袋まで(剪定木・落ち葉含む）,か
燃やせるごみ,枯葉,一世帯5袋まで（木、草含めて）,か
雑誌・ダンボール・紙パック,カレンダー,雑がみとして雑誌と一緒に束ねて出す。金具・プラスチック部分ははずす。,か
燃やせないごみ,革ジャンパー,,か
燃やせないごみ,革製品,靴やかばん等,か
燃やせないごみ,皮むき器（ピーラー）,,か
粗大ごみ,瓦,日曜大工で出たものに限る。,か
缶・びん・ペットボトル,缶,飲・食品用,か
粗大ごみ,換気扇,日曜大工で出たものに限る。30cm角程度より小さいものは燃やせないごみ,か
粗大ごみ,換気扇カバー,30cm角程度より小さいものは燃やせないごみ,か
燃やせないごみ,缶切り,,か
雑誌・ダンボール・紙パック,緩衝材紙製,,か
プラスチック製容器包装,緩衝材プラスチック製,,か
粗大ごみ,乾燥機（食器・布団）,,か
燃やせるごみ,乾燥剤石灰・粒状シリカゲル,,か
缶・びん・ペットボトル,缶詰の缶,飲・食品用,か
有害ごみ,乾電池,市役所・支所の回収箱に入れるか、粗大ごみを出すときに透明のポリ袋に入れて出してください。,か
燃やせないごみ,鉋（かんな）,刃の部分は危険のないように新聞紙等で包む。,か
燃やせるごみ,感熱紙,リサイクルが困難なため,か
燃やせるごみ,木（樹木）,長さ30cm直径5cm程度にする。袋に入れる。5袋まで（草・落葉含む）,き
粗大ごみ,キーボード（音楽用）,,き
燃やせないごみ,キーホルダー,,き
燃やせるごみ,木くず,長さ30cm直径5cm程度にする。ごみ袋に入れる。5袋まで（草・落葉含む）,き
粗大ごみ,ギター,,き
粗大ごみ,ギターケース,,き
粗大ごみ,キックボード,,き
燃やせるごみ,木づち,30cm角程度より大きいものは粗大ごみ,き
燃やせないごみ,キッチンガードアルミはく,,き
粗大ごみ,キッチン収納庫（レンジ台）,,き
燃やせないごみ,キッチンタイマー,電池は外す。,き
燃やせるごみ,キッチンタオル,,き
燃やせるごみ,キッチンペーパー,,き
燃やせるごみ,キッチンマット布製,45リットルのごみ袋に入らないものは粗大ごみ,き
燃やせないごみ,キッチンマットプラスチック・ビニール製,,き
粗大ごみ,キッチンワゴン,,き
粗大ごみ,きね,,き
燃やせるごみ,木の板,30cm角程度より大きいものは粗大ごみ。上限は1m50cmまで,き
燃やせるごみ,木の根,長さ30cm直径5cm程度にする。ごみ袋に入れる。一世帯5袋まで（木、草含めて）。土は取り除いてください。,き
燃やせるごみ,着物,小さく切って袋に入れる。,き
粗大ごみ,脚立,,き
燃やせないごみ,キャッシュカード,,き
燃やせないごみ,キャップ・ふた金属製,,き
プラスチック製容器包装,キャップ・ふたプラスチック製,,き
粗大ごみ,キャビネット（家庭用）,事務所のものは収集できません。,き
市で処理できない,キャリアー（車用）,販売店・専門の処理業者に相談するか、引取りを依頼してください。,き
燃やせるごみ,キャリーバック（赤ちゃん用）布製,45リットルのごみ袋に入らないものは粗大ごみ,き
燃やせないごみ,キャリーバック（赤ちゃん用）布製以外,,き
粗大ごみ,キャリーバック（旅行用）,,き
燃やせないごみ,きゅうす,,き
雑誌・ダンボール・紙パック,牛乳パック,500ml以上の牛乳パックに限る。洗って、開いて、乾かして、ポリ袋に入れてから、ひもで十字に縛って出してください。,き
缶・びん・ペットボトル,牛乳びん,できるだけ購入した販売店等に返却してください。,き
雑誌・ダンボール・紙パック,牛乳びんのふた紙製,雑がみとして封筒や紙袋に入れて出す。,き
プラスチック製容器包装,牛乳びんのふたプラスチック製,,き
燃やせないごみ,吸盤,,き
燃やせないごみ,給油ポンプ,電池式のものは電池を外してください。,き
市で処理できない,漁網・漁網ネット,,き
雑誌・ダンボール・紙パック,教科書,雑誌と一緒に束ねて出す。,き
粗大ごみ,鏡台,,き
燃やせないごみ,きり,危険のないように新聞紙等で包む。,き
粗大ごみ,切り株,直径30cm以内に限る。,き
燃やせるごみ,切り花,,き
燃やせないごみ,禁煙パイポ,,き
燃やせないごみ,金魚鉢,30cm角程度より大きいものは粗大ごみ,き
粗大ごみ,金庫,30cm角程度より小さい手提げ金庫は燃やせないごみ。大型金庫で収集が困難なものは、販売店に引取りを依頼してください。,き
燃やせないごみ,空気入れ（自転車用）,,く
粗大ごみ,空気清浄機,,く
燃やせないごみ,空気清浄機のフィルター,,く
市で処理できない,クーラー（エアコン）,家電リサイクル法により有料でメーカーが引取り,く
粗大ごみ,クーラーボックス,30cm角程度より小さいものは燃やせないごみ,く
燃やせないごみ,釘,危険のないように新聞紙等で包む。,く
燃やせるごみ,草,土は除く。一世帯、5袋まで。（剪定木・落葉含む）,く
燃やせないごみ,草刈りかま,刃の部分は危険のないように新聞紙等で包む,く
粗大ごみ,草刈り機,農業用、大きいものは販売店などに相談,く
燃やせないごみ,鎖（犬用など）,,く
燃やせないごみ,串金属製,危険のないように新聞紙等で包む。,く
燃やせるごみ,串木・竹製,危険のないように先を折って出してください。,く
燃やせないごみ,櫛プラスチック・金属製,,く
燃やせるごみ,櫛木・竹製,,く
燃やせるごみ,薬（錠剤・粉末）,,く
燃やせないごみ,薬のケースアルミ製,,く
プラスチック製容器包装,薬のケースプラスチック製,,く
缶・びん・ペットボトル,薬のびん（内服用薬）,,く
雑誌・ダンボール・紙パック,薬の袋紙製,雑がみとして封筒や紙袋に入れて出す。,く
市で処理できない,薬の容器（農薬・劇薬用）,販売店・専門の処理業者に相談するか、引取りを依頼してください。,く
プラスチック製容器包装,薬の容器プラスチック製,農薬・劇薬は除く。,く
燃やせないごみ,果物かごプラスチック製,45リットルのごみ袋に入らないものは粗大ごみ,く
雑誌・ダンボール・紙パック,果物などの紙製クッション,雑紙として封筒や紙袋に入れて出す。,く
プラスチック製容器包装,果物のネットプラスチック製,,く
燃やせないごみ,口紅,,く
燃やせないごみ,靴,,く
燃やせるごみ,クッキングペーパー,,く
燃やせるごみ,靴下,,く
燃やせるごみ,クッション布・綿,30cm角程度より大きいものは粗大ごみ,く
燃やせないごみ,クッションウレタン・スポンジ,,く
燃やせるごみ,クッションカバー布製,,く
粗大ごみ,クッションフロアプラスチック製,30cm角程度より小さいものは燃やせないごみ,く
雑誌・ダンボール・紙パック,靴の空箱,,く
燃やせないごみ,靴の中敷き,,く
燃やせるごみ,靴べら木製,,く
燃やせないごみ,靴べらプラスチック製,,く
プラスチック製容器包装,靴用クリームの容器プラスチック製,汚れのとれないものは燃やせないごみ,く
燃やせないごみ,首輪,,く
粗大ごみ,熊手,30cm角程度より小さいものは燃やせないごみ,く
燃やせないごみ,グラス,,く
燃やせるごみ,クラッカー（パーティー用）紙製,使用済のものに限る。,く
燃やせないごみ,クラッカー（パーティー用）プラスチック製,,く
燃やせないごみ,クリアファイル,,く
雑誌・ダンボール・紙パック,クリーニングの中台紙,,く
燃やせないごみ,クリーニングのハンガー,,く
燃やせないごみ,クリーニングの袋,,く
燃やせないごみ,クリスマスツリープラスチック製,30cm角程度より大きいものは粗大ごみ,く
燃やせるごみ,クリスマス用長靴紙製,リサイクルが困難なため,く
燃やせないごみ,クリスマスリースプラスチック製,30cm角程度より大きいものは粗大ごみ,く
燃やせないごみ,クリップ,,く
燃やせないごみ,クリプトン球,,く
粗大ごみ,車いす,家庭用に限る。,く
粗大ごみ,車型おもちゃ（乗り物）,,く
燃やせないごみ,車用マット,45リットルの袋に入らないものは粗大ごみ,く
燃やせるごみ,クレヨン,,く
雑誌・ダンボール・紙パック,クレヨンケース紙製,,く
プラスチック製容器包装,クレヨンケースプラスチック製,,く
燃やせないごみ,グロー球（点灯管）,,く
燃やせないごみ,グローブ（野球用）,,く
粗大ごみ,鍬（くわ）,,く
燃やせないごみ,くん煙殺虫剤,必ず中身を使い切ってください。,く
燃やせるごみ,軍手,,く
燃やせないごみ,蛍光灯,市役所・コミセン等の回収箱もご利用ください。,け
粗大ごみ,蛍光灯傘・カバー,30cm角程度より小さいものは燃やせないごみ,け
雑誌・ダンボール・紙パック,蛍光灯の外箱,蛍光灯を出すときに使用してもよい。,け
燃やせないごみ,蛍光ペン,,け
燃やせないごみ,計算機,電池は外す。,け
燃やせないごみ,携帯電話,携帯電話販売店で無料回収しています。,け
燃やせないごみ,携帯電話の充電器,携帯電話販売店で無料回収しています。,け
燃やせるごみ,毛糸,,け
燃やせないごみ,計量カップ,,け
燃やせないごみ,計量はかり,30cm角程度より大きいものは粗大ごみ,け
雑誌・ダンボール・紙パック,ケーキの紙箱,汚れのとれないものは燃やせるごみ,け
燃やせないごみ,ケースプラスチック製,30cm角程度より大きいものは粗大ごみ,け
燃やせないごみ,ケーブル（配線用）,家庭用に限る。,け
燃やせないごみ,ゲーム機,30cm角程度より大きいものは粗大ごみ,け
燃やせないごみ,ゲームソフト,,け
燃やせないごみ,消しゴム,,け
燃やせないごみ,化粧品携帯ポーチ,布製は燃やせるごみ,け
雑誌・ダンボール・紙パック,化粧品の箱紙製,,け
プラスチック製容器包装,化粧品の箱プラスチック製,,け
プラスチック製容器包装,化粧品の容器プラスチック製,必ず中身を使い切って、汚れを落とす。,け
燃やせないごみ,化粧品の容器ガラス製,,け
燃やせるごみ,毛染め液,新聞紙などにしみ込ませる。,け
燃やせないごみ,毛染め液のチューブ・容器金属製,,け
プラスチック製容器包装,毛染め液のチューブ・容器プラスチック製,汚れのとれないものは燃やせないごみ,け
燃やせるごみ,下駄,,け
粗大ごみ,下駄箱,,け
プラスチック製容器包装,ケチャップの外袋,,け
プラスチック製容器包装,ケチャップのチューブ,必ず中身を使い切って、汚れを落とす。,け
燃やせないごみ,血圧計（デジタル）,電池は外す。,け
燃やせないごみ,ケトル,,け
燃やせないごみ,毛抜き,,け
燃やせないごみ,牽引ロープナイロン製,1m以下に切ってください。45リットルのごみ袋に入らないものは粗大ごみ,け
燃やせるごみ,牽引ロープ天然繊維製,,け
粗大ごみ,牽引ロープ金属製,,け
粗大ごみ,玄関マットゴム・ビニール等,30cm角程度より小さいものは燃やせないごみ,け
粗大ごみ,玄関マット布,30cm角程度より小さいものは燃やせるごみ,け
粗大ごみ,健康器具,ランニングマシーン・サイクリングマシーン等,け
燃やせないごみ,剣山,,け
市で処理できない,建設廃材,販売店・専門の処理業者に相談するか、引き取りを依頼してください。産業廃棄物の処理については、県環境指導課（電話：088-621-2269）へお問い合わせください。,け
粗大ごみ,剣道の防具,,け
粗大ごみ,鍵盤ハーモニカ,,け
燃やせないごみ,顕微鏡,,け
燃やせないごみ,碁石石,,こ
燃やせるごみ,鯉のぼり,小さく切って袋に入れる。,こ
粗大ごみ,鯉のぼりのポール,1m50cm以下にしてください。,こ
燃やせないごみ,工具箱,30cm角程度より大きいものは粗大ごみ,こ
雑誌・ダンボール・紙パック,広告チラシ（新聞折込以外）,雑がみとして雑誌と一緒に束ねて出す。,こ
粗大ごみ,高周波治療器,30cm角程度より小さいものは燃やせないごみ,こ
燃やせないごみ,香水用びん,,こ
燃やせるごみ,紅茶（ティーバッグ）,,こ
燃やせないごみ,ゴーグル,,こ
燃やせるごみ,コースター木製,,こ
燃やせないごみ,コースター木製以外,,こ
燃やせないごみ,コード,1m以下に切ってください。,こ
燃やせるごみ,コート（衣類）,革製品は燃やせないごみ。小さく切って袋に入れる。,こ
粗大ごみ,コードリール,30cm角程度より小さいものは燃やせないごみ,こ
燃やせないごみ,コードレス電話,30cm角程度より大きいものは粗大ごみ,こ
缶・びん・ペットボトル,コーヒーのびん,,こ
燃やせるごみ,コーヒーフィルター,,こ
粗大ごみ,コーヒーメーカー,30cm角程度より小さいものは燃やせないごみ,こ
燃やせないごみ,氷枕ゴム,,こ
燃やせるごみ,こけし木製,,こ
粗大ごみ,ござ類イグサ・ナイロン,,こ
粗大ごみ,こたつ,,こ
粗大ごみ,こたつ板,,こ
粗大ごみ,こたつ布団,2枚で1組,こ
粗大ごみ,こたつ布団カバー,,こ
燃やせるごみ,コットン,,こ
燃やせるごみ,コップ紙製,リサイクルが困難なため,こ
燃やせないごみ,コップ紙製以外,,こ
粗大ごみ,琴,,こ
燃やせるごみ,粉せっけん,,こ
燃やせるごみ,粉せっけんの容器紙製,リサイクルが困難なため,こ
プラスチック製容器包装,粉せっけんの容器プラスチック製,,こ
雑誌・ダンボール・紙パック,粉ミルクの容器紙製,,こ
缶・びん・ペットボトル,粉ミルクの容器缶,,こ
燃やせないごみ,小鉢（陶磁器製）,,こ
粗大ごみ,碁盤木製,折りたたみのものは燃やせるごみ,こ
粗大ごみ,コピー機（小型家庭用）,業務用は市で処理できません。,こ
雑誌・ダンボール・紙パック,コピー用紙,雑がみとして雑誌と一緒に束ねて出す。,こ
雑誌・ダンボール・紙パック,コミック,,こ
燃やせないごみ,ごみ取りネット（洗濯用）,,こ
粗大ごみ,ごみ箱プラスチック・金属製,45リットルのごみ袋に入るものは、燃やせないごみ,こ
燃やせるごみ,ゴム天然ゴム（輪ゴム）,合成ゴムは燃やせないごみ,こ
燃やせるごみ,小麦粉の袋紙製,リサイクルが困難なため,こ
燃やせないごみ,ゴム手袋,,こ
燃やせないごみ,ゴム長靴,,こ
燃やせないごみ,ゴムホース,1m以下に切ってください。,こ
0,ゴムホース,45リットルの袋に入らないものは粗大ごみ,こ
粗大ごみ,ゴムボート,中の空気を抜いてから出してください。,こ
燃やせないごみ,ゴムボート（子供用）,中の空気を抜いてから出してください。,こ
粗大ごみ,米びつ,,こ
雑誌・ダンボール・紙パック,米袋紙製,,こ
プラスチック製容器包装,米袋プラスチック製,,こ
燃やせるごみ,コルク栓,,こ
燃やせないごみ,コルク抜き,,こ
燃やせるごみ,コルクボード,30cm角程度より大きいものは粗大ごみ,こ
粗大ごみ,ゴルフクラブ,,こ
粗大ごみ,ゴルフバッグ,,こ
燃やせないごみ,ゴルフボール,,こ
粗大ごみ,ゴルフマット,,こ
粗大ごみ,コンクリートブロック,日曜大工で出たものに限る。,こ
燃やせないごみ,コンセント,,こ
燃やせないごみ,コンタクトレンズ,,こ
燃やせないごみ,コンタクトレンズケース,,こ
粗大ごみ,コンテナ,,こ
燃やせないごみ,コンパクト（鏡付き）,,こ
燃やせないごみ,コンパス,,こ
粗大ごみ,コンパネ,30cm角程度より小さいものは燃やせるごみ。日曜大工で出たものに限る。,こ
プラスチック製容器包装,コンビニ弁当の容器プラスチック製,汚れを落して出してください。,こ
燃やせないごみ,コンプレッサー,30cm角程度より大きなものは市で処理できない。,こ
粗大ごみ,コンポ,,こ
粗大ごみ,コンポスト,,こ
粗大ごみ,コンロ,電池は外してください。,こ
粗大ごみ,サーフボード,,さ
粗大ごみ,サイクリングマシーン,,さ
粗大ごみ,座椅子,,さ
粗大ごみ,サイドボード木製,,さ
燃やせないごみ,財布革製,布製は燃やせるごみ,さ
燃やせるごみ,裁縫箱木製,,さ
燃やせないごみ,裁縫箱プラスチック製,,さ
燃やせないごみ,サインペン,,さ
粗大ごみ,竿（釣り用）,5本以内で1個扱い。,さ
燃やせないごみ,魚焼き網,,さ
燃やせるごみ,酒パック,500ml以上で、内側が白いものは雑誌・ダンボール・紙パック,さ
缶・びん・ペットボトル,酒びん,できるだけ購入した販売店等に返却してください。,さ
缶・びん・ペットボトル,酒類のペットボトル,,さ
燃やせないごみ,さしプラスチック製,,さ
燃やせるごみ,さし竹・木製,,さ
粗大ごみ,座卓,,さ
燃やせないごみ,サッカーボール,空気を抜いて出してください。,さ
雑誌・ダンボール・紙パック,雑誌,,さ
燃やせるごみ,殺鼠剤（ねずみ駆除用）,,さ
燃やせないごみ,殺虫剤（家庭用スプレー缶）,必ず中身を使い切って、屋外で穴を開け、他の燃やせないごみとは別袋にして出してください。,さ
粗大ごみ,座布団（座敷）,5枚で1個扱い,さ
燃やせるごみ,サポーター布製,,さ
粗大ごみ,サマーベット,,さ
燃やせるごみ,皿紙製,リサイクルが困難なため,さ
燃やせないごみ,皿紙製以外,,さ
燃やせるごみ,サラダ油,ボロ布などにしみこませるか、凝固剤を使用。地域で廃油回収を行っているところは、協力をお願いします。,さ
缶・びん・ペットボトル,サラダ油の容器缶,必ず中身を使い切って出してください。,さ
プラスチック製容器包装,サラダ油の容器プラスチック製,,さ
燃やせるごみ,サラダボール木製,,さ
燃やせないごみ,サラダボールプラスチック・金属製,,さ
燃やせるごみ,ざる類竹製,45リットルのごみ袋に入らないものは粗大ごみ,さ
燃やせないごみ,ざる類プラスチック・金属製,,さ
燃やせないごみ,三角コーナー,,さ
粗大ごみ,三角コーン,家庭から出たものに限る。,さ
燃やせないごみ,三脚,45リットルのごみ袋に入らないものは粗大ごみ,さ
燃やせないごみ,サングラス,,さ
燃やせないごみ,サンダル,木製品は燃やせるごみ,さ
燃やせるごみ,サンドペーパー,,さ
燃やせるごみ,サンバイザー,プラスチック製のものは燃やせないごみ。,さ
粗大ごみ,三輪車,,さ
粗大ごみ,CSアンテナ,,し
燃やせるごみ,シーツ,小さく切って袋に入れる。,し
燃やせないごみ,CD,,し
燃やせないごみ,CDのケース,,し
燃やせないごみ,CDプレーヤー,30cm角程度より大きいものは粗大ごみ,し
粗大ごみ,CDラジカセ,30cm角程度より小さいものは燃やせないごみ,し
燃やせないごみ,シート（しきもの）プラスチック製,ブルーシートなど大きいものは粗大ごみ,し
燃やせるごみ,シール紙製,リサイクルが困難なため,し
燃やせないごみ,シールプラスチック製,,し
燃やせないごみ,シェーバー（電気式）,,し
燃やせないごみ,地下足袋,,し
燃やせないごみ,磁気カード,,し
雑誌・ダンボール・紙パック,色紙,小さいものは封筒や紙袋に入れて出す。,し
粗大ごみ,磁気マットレス,,し
燃やせるごみ,ジグソーパズル紙製,リサイクルが困難なため。台紙は小さく切ってください。,し
燃やせないごみ,磁石,,し
雑誌・ダンボール・紙パック,辞書・辞典,ビニールカバーは外して燃やせないごみへ,し
燃やせるごみ,下着,,し
燃やせないごみ,下敷,,し
粗大ごみ,七輪,,し
プラスチック製容器包装,湿気取り,中の水を抜いてから出してください。,し
燃やせないごみ,室内アンテナ,,し
燃やせるごみ,湿布,,し
プラスチック製容器包装,湿布剤の内袋レトルト・プラスチック製,,し
雑誌・ダンボール・紙パック,湿布剤の箱紙製,,し
燃やせないごみ,湿布のフィルム,,し
粗大ごみ,自転車,,し
粗大ごみ,自転車（電動式）,バッテリーは外す。外したバッテリーは販売店・専門の処理業者に相談するか、引取りを依頼してください。,し
粗大ごみ,自転車用こどもシート,,し
市で処理できない,自動車部品,販売店・専門の処理業者に相談するか、引取りを依頼してください。産業廃棄物の処理については、県環境指導課（電話：088-621-2269）へお問い合わせください。,し
市で処理できない,自動販売機,販売店・専門の処理業者に相談するか、引取りを依頼してください。産業廃棄物の処理については、県環境指導課（電話：088-621-2269）へお問い合わせください。,し
粗大ごみ,竹刀竹製,,し
粗大ごみ,芝刈り機,,し
燃やせないごみ,芝刈機替え刃,危険のないように新聞紙等で包む。,し
燃やせないごみ,ジャー,,し
燃やせないごみ,シャープペン,,し
燃やせるごみ,シャープペンシルの芯,,し
プラスチック製容器包装,シャープペンシルの芯のケースプラスチック製,,し
燃やせないごみ,蛇口（水道）,,し
燃やせるごみ,写真,リサイクルが困難なため,し
燃やせないごみ,写真のネガ,,し
粗大ごみ,ジャッキ（手回し式・油圧式）,,し
粗大ごみ,シャベル,,し
粗大ごみ,三味線,,し
燃やせないごみ,しゃもじプラスチック製,,し
燃やせるごみ,しゃもじ木製,,し
粗大ごみ,ジャングルジム（家庭用）,,し
粗大ごみ,シャンデリア,,し
燃やせないごみ,シャンプーハット,,し
プラスチック製容器包装,シャンプーの容器プラスチック製,必ず中身を使い切って、汚れを落とす。,し
雑誌・ダンボール・紙パック,週刊誌,雑誌と一緒に束ねて出す。,し
燃やせないごみ,ジューサー・ミキサー,30cm角程度より大きいものは粗大ごみ,し
雑誌・ダンボール・紙パック,ジュースの紙パック,500ml以上の紙パックが対象。洗って、開いて、乾かして、ポリ袋に入れてから、ひもで十字に縛る。内側がアルミ箔の紙パックは燃やせるごみ,し
缶・びん・ペットボトル,ジュースの缶,,し
缶・びん・ペットボトル,ジュースのびん,,し
粗大ごみ,じゅうたん,,し
燃やせないごみ,充電器,携帯電話用はできるだけ販売店へ,し
市で処理できない,充電式電池,販売店等の回収ボックスに出してください。,し
プラスチック製容器包装,柔軟剤の容器プラスチック製,必ず中身を使い切って、汚れを落とす。,し
粗大ごみ,収納ケース,,し
粗大ごみ,収納ボックス,,し
燃やせるごみ,重箱木製,,し
燃やせないごみ,重箱プラスチック製,,し
燃やせないごみ,数珠水晶・プラスチック製,,し
燃やせるごみ,数珠木製,,し
粗大ごみ,ジュニアシート,,し
燃やせないごみ,朱肉,,し
燃やせるごみ,シュラフ（寝袋）,小さく切って袋に入れる。,し
雑誌・ダンボール・紙パック,シュレッダー紙,封筒や紙袋に入れ、飛散しないようにしてください。,し
粗大ごみ,シュレッダー機（家庭用）,30cm角程度より小さいものは燃やせないごみ,し
粗大ごみ,瞬間湯沸器,,し
市で処理できない,消火器,販売店・専門の処理業者に相談するか、引取りを依頼してください。,し
燃やせないごみ,浄化槽のふたプラスチック製,30cm角程度より大きいものは粗大ごみ,し
粗大ごみ,浄化槽モーター（ブロワー）,,し
燃やせないごみ,定規プラスチック製,,し
燃やせるごみ,定規木・竹製,,し
燃やせるごみ,将棋の駒木製,プラスチック製のものは燃やせないごみ,し
粗大ごみ,将棋盤木製,折りたたみ式は燃やせるごみ,し
燃やせないごみ,将棋盤プラスチック製,30cm角程度より大きいものは粗大ごみ,し
燃やせるごみ,焼却灰,当日の朝、水を十分含ませて出してください。,し
粗大ごみ,障子,日曜大工で出たものに限る。,し
燃やせるごみ,障子紙,リサイクルが困難なため,し
プラスチック製容器包装,消臭剤の容器,中身は使い切ってください。,し
燃やせないごみ,消臭スプレー金属製,必ず中身を使い切って風通しの良い屋外等で穴を開けて、他の燃やせないごみとは別袋にして出してください。,し
雑誌・ダンボール・紙パック,賞状,,し
粗大ごみ,浄水器,30cm角程度より小さいものは燃やせないごみ,し
燃やせないごみ,浄水器フィルター,,し
燃やせないごみ,消毒用噴霧器,30cm角程度より大きいものは粗大ごみ,し
燃やせるごみ,しょうのう（防虫・衣服用）,,し
燃やせないごみ,錠前,,し
粗大ごみ,照明器具,30cm角程度より小さいものは燃やせないごみ,し
燃やせないごみ,しょうゆ指し陶器・ガラス製,,し
缶・びん・ペットボトル,しょうゆの容器びん・ペットボトル,必ず中身を使い切って、汚れを落とす。,し
燃やせないごみ,じょうろプラスチック製,,し
プラスチック製容器包装,食品トレイ,スーパー・コミセン等の回収ボックスもご利用ください。,し
燃やせるごみ,食品のカップ紙製,リサイクルが困難なため,し
燃やせるごみ,食用油,ボロ布などにしみこませるか、凝固剤を使用。地域で廃油回収を行っているところは、ご協力をお願いします。,し
缶・びん・ペットボトル,食用油の容器缶・びん,必ず中身を使い切って、汚れを落とす。,し
プラスチック製容器包装,食用油の容器プラスチック製,,し
雑誌・ダンボール・紙パック,食料品の外箱,,し
プラスチック製容器包装,食料品の袋プラスチック製,,し
粗大ごみ,除湿器,,し
燃やせるごみ,除湿剤紙製,中の水を抜いてから出してください。,し
プラスチック製容器包装,除湿剤プラスチック製,中の水を抜いてから出してください。,し
粗大ごみ,食器洗い乾燥機,,し
粗大ごみ,食器棚,,し
燃やせないごみ,食器棚シートプラスチック製,,し
燃やせないごみ,食器類,少量ずつ他の燃やせないごみといっしょに,し
粗大ごみ,ショッピングカート,,し
燃やせるごみ,シリカゲル（乾燥剤）,,し
粗大ごみ,シルバーカー・ベビーカー （手押し）,,し
粗大ごみ,人工芝プラスチック製,30cm角程度より小さいものは燃やせないごみ,し
市で処理できない,シンナー類,販売店・専門の処理業者に相談するか、引取りを依頼してください。,し
新聞紙,新聞折り込みチラシ,新聞と一緒に束ねて出してください。,し
新聞紙,新聞紙,,し
有害ごみ,水銀血圧計,乾電池の回収ボックスに入れる。または、粗大ごみと一緒に出す。,す
粗大ごみ,水槽ガラス・プラスチック製,,す
燃やせないごみ,水中眼鏡,,す
燃やせないごみ,水中ポンプ（水槽用）,,す
燃やせないごみ,水筒,,す
燃やせないごみ,水道蛇口,,す
燃やせないごみ,炊飯器,ガス・電気・大きさに関係なく,す
燃やせないごみ,炊飯器の釜,,す
粗大ごみ,スーツケース,,す
粗大ごみ,姿見（鏡）,,す
雑誌・ダンボール・紙パック,図鑑,,す
粗大ごみ,スキー板,,す
燃やせるごみ,スキーウェア,小さく切って袋に入れる。,す
粗大ごみ,スキー靴,30cm角程度より小さいものは燃やせないごみ,す
粗大ごみ,スキーストック,,す
粗大ごみ,スキャナー,,す
市で処理できない,スクーター,販売店・専門の処理業者に相談するか、引取りを依頼してください。,す
粗大ごみ,スケート靴,刃の部分は危険のないように新聞紙等で包む。,す
粗大ごみ,スケートボード,,す
粗大ごみ,スコップ,園芸用の小さいものは燃やせないごみ,す
燃やせないごみ,すずり,,す
粗大ごみ,すだれ,,す
粗大ごみ,スタンドミラー,,す
燃やせないごみ,スタンプ台,,す
粗大ごみ,スチール棚,,す
燃やせるごみ,ステッキ木製,,す
燃やせないごみ,ステッキ木製以外,,す
粗大ごみ,ステップマシーン（健康器具）,,す
粗大ごみ,ステレオ,,す
粗大ごみ,ストーブ電気・石油,必ず中身の灯油・乾電池は取り除いてください。,す
粗大ごみ,ストーブガード,,す
粗大ごみ,ストッカー,30cm角程度より小さいものは燃やせないごみ,す
燃やせるごみ,ストッキング,小さく切って袋に入れる。,す
雑誌・ダンボール・紙パック,ストッキングの中の台紙,,す
燃やせないごみ,ストップウォッチ,電池は外してください。,す
燃やせないごみ,ストロー,,す
雑誌・ダンボール・紙パック,ストローの袋紙製,,す
プラスチック製容器包装,ストローの袋プラスチック製,,す
市で処理できない,砂,,す
プラスチック製容器包装,スナック菓子などの袋プラスチック製,,す
燃やせないごみ,砂時計,,す
燃やせないごみ,スニーカー,,す
粗大ごみ,スノーボード,,す
粗大ごみ,すのこ,,す
燃やせないごみ,スパイクシューズ,,す
燃やせないごみ,スパナ,,す
粗大ごみ,スピーカー,30cm角程度より小さいものは燃やせないごみ,す
燃やせないごみ,スプーンプラスチック・金属製,木製は燃やせるごみ,す
雑誌・ダンボール・紙パック,スプーンの袋紙製,封筒や紙袋に入れて、雑がみとして出す。,す
プラスチック製容器包装,スプーンの袋プラスチック製,,す
適正処理困難物,スプリングマットレス,販売店へ引き取りを依頼してください。引取り先がない場合は、粗大ごみとして申し込みください。,す
粗大ごみ,スプリンクラー,家庭散水用に限る。,す
燃やせないごみ,スプレー缶,必ず中身を使い切って風通しの良い屋外等で穴をあけて、他の燃やせないごみとは別袋にして出してください。,す
粗大ごみ,すべり台（家庭用遊具）,,す
燃やせないごみ,スポンジ,,す
粗大ごみ,ズボンプレッサー,,す
燃やせるごみ,炭,,す
燃やせるごみ,墨,新聞紙などにしみ込ませる。,す
燃やせないごみ,スライサー,,す
燃やせるごみ,すりこぎ棒木製,,す
燃やせないごみ,すりこぎ棒プラスチック製,,す
燃やせないごみ,スリッパビニール製,,す
燃やせるごみ,スリッパ布製,底がビニールのものは燃やせないごみ,す
粗大ごみ,スリッパ立て,木製で、45リットルのごみ袋に入るものは燃やせるごみ,す
燃やせないごみ,すりばち,,す
粗大ごみ,スレート瓦,日曜大工で出たものに限る。,す
燃やせるごみ,生花,,せ
燃やせないごみ,整髪料の容器金属・びん製,,せ
プラスチック製容器包装,プラスチック製,必ず中身を使い切って、汚れを落とす。,せ
粗大ごみ,精米機（小型家電類）,,せ
燃やせるごみ,生理用品,,せ
粗大ごみ,石油ストーブ,必ず中身の灯油、乾電池は取り除いてください。,せ
燃やせるごみ,石灰,,せ
燃やせるごみ,石鹸（固形）,,せ
雑誌・ダンボール・紙パック,石鹸の外箱紙製,,せ
燃やせるごみ,石鹸の袋・包紙紙製,リサイクルが困難なため,せ
プラスチック製容器包装,石鹸の袋・包紙プラスチック製,,せ
燃やせないごみ,石膏,,せ
雑誌・ダンボール・紙パック,接着剤の紙箱,,せ
プラスチック製容器包装,接着剤のチューブプラスチック製,汚れのとれないものは燃やせないごみ,せ
燃やせないごみ,接着剤のチューブ金属製,,せ
燃やせないごみ,瀬戸物,30cm角程度より大きいものは粗大ごみ,せ
粗大ごみ,セメント（粉）,一袋まで。日曜大工で出たものに限る。,せ
燃やせるごみ,セメントの袋紙製,家庭から出たものに限る。リサイクルが困難なため。,せ
粗大ごみ,セラミックヒーター,,せ
プラスチック製容器包装,ゼリー・プリンの容器,,せ
燃やせるごみ,セロハン紙,,せ
燃やせるごみ,セロハンテープ,ビニールテープは燃やせないごみ,せ
燃やせないごみ,セロハンテープカッター台,,せ
雑誌・ダンボール・紙パック,セロハンテープの芯,封筒や紙袋に入れて、雑がみとして出す。,せ
プラスチック製容器包装,洗顔料の容器プラスチック製,必ず中身を使い切って、汚れを落とす。,せ
燃やせるごみ,線香,,せ
燃やせないごみ,洗剤の計量カップ,,せ
燃やせるごみ,洗剤の容器紙製,フタの部分がプラスチック製の場合は、フタのみプラスチック製容器包装。紙の部分はリサイクルが困難,せ
プラスチック製容器包装,洗剤の容器プラスチック製,,せ
燃やせないごみ,洗車ブラシ,,せ
燃やせるごみ,扇子木製,,せ
燃やせないごみ,扇子プラスチック製,,せ
燃やせないごみ,洗濯板プラスチック製,,せ
燃やせるごみ,洗濯板木製,,せ
粗大ごみ,洗濯かご,,せ
市で処理できない,洗濯機,家電リサイクル法により有料でメーカーが引取り,せ
燃やせないごみ,洗濯ネット,,せ
燃やせるごみ,洗濯のリ,,せ
燃やせないごみ,洗濯のりのスプレー金属製,必ず中身を使い切って風通しの良い屋外等で穴を開けて、他の燃やせないごみとは別袋にして出してください。,せ
プラスチック製容器包装,洗濯のりの容器プラスチック製,必ず中身を使い切って、汚れを落とす。,せ
燃やせないごみ,洗濯ばさみ,,せ
燃やせないごみ,洗濯物干し（タコ足など）,45リットルのごみ袋に入らないものは粗大ごみ,せ
燃やせるごみ,剪定した枝・木直径5cm以内のもの,長さ30cm程度にし、袋に入れる（5袋まで。草・落葉含む。）,せ
粗大ごみ,剪定した枝・木直径5cmより太いもの,1m程度に切ってください。,せ
燃やせないごみ,剪定ばさみ,30cm角程度より大きいものは粗大ごみ,せ
燃やせないごみ,栓抜き,,せ
粗大ごみ,扇風機,,せ
燃やせないごみ,洗面器,,せ
粗大ごみ,洗面化粧台,自分で取り外したものに限る。,せ
燃やせないごみ,草履ゴム・ビニールほか,,そ
燃やせるごみ,草履わら・布ほか,,そ
燃やせないごみ,造花ビニール製,,そ
燃やせるごみ,造花紙・布製,,そ
燃やせないごみ,双眼鏡,,そ
燃やせるごみ,ぞうきん,,そ
市で処理できない,倉庫,販売店・専門の処理業者に相談するか、引取りを依頼してください。,そ
粗大ごみ,掃除機,ハンドクリーナー等の30cm以下のものは燃やせないごみ,そ
燃やせるごみ,掃除機のゴミパック,,そ
プラスチック製容器包装,ソースの容器プラスチック製,必ず中身を使い切って、汚れを落とす。,そ
市で処理できない,ソーラー温水器,販売店・専門の処理業者に相談するか、引取りを依頼してください。,そ
粗大ごみ,ソファー,2人掛け以上のものは1脚で1個扱い。1人掛けは2脚で1個扱い。,そ
粗大ごみ,ソファーベット,,そ
粗大ごみ,そり（子供用玩具）プラスチック製,,そ
燃やせないごみ,そろばんプラスチック製,,そ
燃やせるごみ,そろばん木製,,そ
有害ごみ,体温計水銀,乾電池の回収ボックスに入れる。または、粗大ごみと一緒に出す。,た
燃やせないごみ,体温計電子,,た
粗大ごみ,台車,,た
粗大ごみ,体重計,,た
燃やせるごみ,タイツ布製ほか,,た
燃やせるごみ,台所マット布製,45リットルのごみ袋に入らないものは粗大ごみ,た
燃やせないごみ,耐熱ガラス鍋,30cm角程度より大きいものは粗大ごみ,た
プラスチック製容器包装,たい肥袋・容器プラスチック製,必ず中身を使い切って、汚れを落とす。,た
燃やせるごみ,たい肥袋・容器紙製,リサイクルが困難なため,た
粗大ごみ,タイプライター,,た
燃やせないごみ,タイマー,電池は外す。,た
市で処理できない,タイヤ（自動車・オートバイ用）,販売店・専門の処理業者に相談するか、引取りを依頼してください。,た
粗大ごみ,タイヤ（自転車用）リム付,タイヤチューブのみは燃やせないごみ,た
粗大ごみ,タイヤチェーンゴム・金属製,,た
燃やせないごみ,タイヤのホイールキャップ,,た
市で処理できない,タイヤホイール,販売店・専門の処理業者に相談するか、引取りを依頼してください。,た
市で処理できない,太陽熱温水器,販売店・専門の処理業者に相談するか、引取りを依頼してください。,た
燃やせないごみ,タイル,日曜大工で出たものに限る。,た
粗大ごみ,タイルカーペット,30cm角程度より小さいものは燃やせるごみ,た
燃やせないごみ,ダイレクトメールプラスチック製,,た
雑誌・ダンボール・紙パック,ダイレクトメール紙製,窓開き封筒のセロハンを取ってください。,た
粗大ごみ,ヘルスメーター,電池は外してください。,た
燃やせるごみ,タオル,,た
燃やせるごみ,タオル掛け木製,,た
燃やせないごみ,タオル掛け木製以外,,た
燃やせるごみ,タオルケット,小さく切ってください。,た
粗大ごみ,高枝切りバサミ,,た
粗大ごみ,抱きまくら,,た
燃やせないごみ,卓上コンロ,ボンベ・電池は外す。30cm角程度より大きいものは粗大ごみ,た
雑誌・ダンボール・紙パック,宅配ピザの紙箱,汚れのとれないものは燃やせるごみ,た
粗大ごみ,竹馬,,た
燃やせるごみ,竹串,危険のないように先を折って出してください。,た
粗大ごみ,竹ざお金属・竹製,,た
粗大ごみ,竹ぼうき,,た
燃やせるごみ,凧竹製,,た
燃やせないごみ,凧ビニール製,,た
市で処理できない,畳,販売店・専門の処理業者に相談するか、引取りを依頼してください。,た
粗大ごみ,卓球台,,た
燃やせるごみ,卓球のラケット木製,ラバーは外して燃やせないごみ,た
燃やせないごみ,卓球ボール,,た
燃やせるごみ,脱酸素剤（菓子などに入ってるもの）,,た
燃やせるごみ,脱脂綿,,た
プラスチック製容器包装,脱臭剤プラスチック製,必ず中身を使い切って出してください。,た
燃やせないごみ,タッパー,,た
粗大ごみ,たてず,,た
粗大ごみ,棚,,た
プラスチック製容器包装,タバコ等の外装フィルム,,た
雑誌・ダンボール・紙パック,タバコの紙箱,内側の銀紙は燃やせるごみ,た
燃やせるごみ,タバコの吸殻,,た
燃やせないごみ,タバコ用パイプフィルター,,た
燃やせるごみ,足袋,底がゴム製のものは燃やせないごみ,た
プラスチック製容器包装,卵のパックプラスチック製,,た
雑誌・ダンボール・紙パック,卵のパック紙製,,た
燃やせるごみ,たも網竹製,45リットルのごみ袋に入らないものは粗大ごみ,た
燃やせないごみ,たも網金属製,,た
粗大ごみ,タライ,,た
粗大ごみ,樽木製,30cm角程度より小さいものは燃やせるごみ,た
0,樽プラスチック製,30cm角程度より小さいものは燃やせないごみ,た
燃やせないごみ,たわしナイロン製,,た
燃やせるごみ,たわしヤシの実製,,た
雑誌・ダンボール・紙パック,単行本,,た
市で処理できない,単車（オートバイ）,販売店・専門の処理業者に相談するか、引取りを依頼してください。,た
粗大ごみ,たんす,,た
燃やせるごみ,たんすシート布・紙製,,た
燃やせないごみ,たんすシート布・紙製以外,,た
粗大ごみ,ダンベル,,た
雑誌・ダンボール・紙パック,ダンボール,なるべく小さくして束ねる。,た
粗大ごみ,チェーンソー,,ち
粗大ごみ,チェーン類,,ち
粗大ごみ,チェスト,,ち
粗大ごみ,地球儀,30cm角程度より小さいものは燃やせないごみ,ち
粗大ごみ,チャイルドシート,,ち
燃やせるごみ,茶がら,,ち
燃やせないごみ,茶こし,,ち
粗大ごみ,茶だんす,,ち
燃やせないごみ,チャッカマン,必ず中身を使い切って出してください。,ち
粗大ごみ,ちゃぶ台,,ち
燃やせないごみ,茶碗,,ち
燃やせないごみ,中華鍋,30cm角程度より大きいものは粗大ごみ,ち
市で処理できない,注射器,医療機関での引取りをお願いします。,ち
市で処理できない,注射針,医療機関での引取りをお願いします。,ち
粗大ごみ,チューナー,30cm角程度より小さいものは燃やせないごみ,ち
燃やせないごみ,チューブ（自転車のみ）,空気を抜いてください。,ち
プラスチック製容器包装,チューブ類（歯磨き粉など）プラスチック製,必ず中身を使い切って、汚れを落とす。,ち
燃やせないごみ,,汚れが落とせないもの。,ち
燃やせないごみ,彫刻刀,危険のないように新聞紙等で包む。,ち
燃やせるごみ,調味料入れ紙・木製,,ち
燃やせないごみ,調味料入れ陶磁器製・プラスチック製,,ち
缶・びん・ペットボトル,調味料のびん,プラスチックのふたはプラスチック製容器包装に出してください。,ち
粗大ごみ,調理台,自分で取り外したものに限る。,ち
燃やせるごみ,チョーク,,ち
燃やせないごみ,チョコレートの銀紙アルミ箔,,ち
新聞紙,チラシ（新聞折り込み）,新聞と一緒に束ねて出してください。,ち
雑誌・ダンボール・紙パック,チラシ（新聞折り込み以外）,雑がみとして雑誌と一緒に束ねて出してください。,ち
燃やせるごみ,ちり紙,,ち
燃やせないごみ,ちり取り,,ち
粗大ごみ,ついたて,,つ
燃やせないごみ,つえプラスチック・金属製,,つ
燃やせるごみ,つえ竹・木製,,つ
燃やせないごみ,使い捨てカイロ,,つ
燃やせないごみ,使い捨てカメラ,,つ
燃やせないごみ,使い捨てライター,必ず中身を使い切って出してください。,つ
粗大ごみ,机,,つ
燃やせるごみ,付け毛,,つ
燃やせないごみ,付け爪,,つ
市で処理できない,漬物石,,つ
粗大ごみ,漬け物樽,,つ
プラスチック製容器包装,漬物の袋,汚れを落して出してください。,つ
市で処理できない,土,庭やプランターの土に混ぜて処理してください。,つ
粗大ごみ,つっぱり棒,,つ
雑誌・ダンボール・紙パック,包み紙,,つ
粗大ごみ,つぼ（陶磁器）,30cm角程度より小さいものは燃やせないごみ,つ
燃やせるごみ,つまようじ,危険のないように先を折る。,つ
燃やせるごみ,積み木木製,,つ
燃やせないごみ,積み木プラスチック製,,つ
プラスチック製容器包装,詰め替えパック・ボトルプラスチック製,必ず中身を使い切って、汚れを落とす。,つ
燃やせないごみ,つめ切り,,つ
燃やせないごみ,釣糸,,つ
粗大ごみ,釣り竿,5本以内で1個扱い。,つ
燃やせないごみ,釣り針,危険のないように新聞紙等で包む。,つ
粗大ごみ,つるはし,,つ
燃やせないごみ,DVD（ケースを含む）,,て
燃やせないごみ,T字カミソリ,危険のないように新聞紙等で包む。,て
燃やせないごみ,T字カミソリの替え刃,危険のないように新聞紙等で包む。,て
燃やせるごみ,ティーバッグ,,て
粗大ごみ,DVDレコーダー,,て
粗大ごみ,低周波治療器,30cm角程度より小さいものは燃やせないごみ,て
雑誌・ダンボール・紙パック,ティッシュの箱,ビニールは取り除いてください。,て
燃やせるごみ,ティッシュペーパー,,て
燃やせないごみ,テープカッター（台）,,て
粗大ごみ,テーブル,,て
燃やせるごみ,テーブルクロス布製,小さく切って袋に入れる。,て
燃やせないごみ,テーブルクロスビニール製,,て
燃やせないごみ,テープレコーダー,30cm角程度より大きいものは粗大ごみ,て
粗大ごみ,手押し車,,て
燃やせないごみ,手鏡,,て
雑誌・ダンボール・紙パック,手紙,雑がみとして雑誌と一緒に束ねて出す。,て
燃やせないごみ,てぐす（釣糸）,,て
雑誌・ダンボール・紙パック,手提げ袋紙製,取っ手の部分がビニールのものは取り除いてください。,て
燃やせないごみ,手提げ袋プラスチック製,,て
燃やせないごみ,デジタルカメラ,,て
燃やせないごみ,デジタル血圧計,,て
燃やせないごみ,デジタル体温計,,て
粗大ごみ,デスクマット,30cm角程度より小さいものは燃やせないごみ,て
雑誌・ダンボール・紙パック,手帳,個人情報が含まれる部分は、小さく切って出してください。ビニールカバー等は燃やせないごみ,て
粗大ごみ,鉄アレイ,,て
市で処理できない,鉄筋,販売店・専門の処理業者に相談するか、引取りを依頼してください。,て
市で処理できない,鉄製ホイール（車両用）,販売店・専門の処理業者に相談するか、引取りを依頼してください。,て
粗大ごみ,鉄パイプ,30cmより短いものは燃やせないごみ,て
粗大ごみ,鉄板,30cm角程度より小さいものは燃やせないごみ,て
燃やせないごみ,テニスボール,,て
燃やせないごみ,テニスラケット,木製は燃やせるごみ（ガットははずして燃やせないごみへ）,て
燃やせるごみ,手拭い,,て
燃やせないごみ,手袋革・ゴム製,,て
燃やせるごみ,手袋布・毛糸製,,て
市で処理できない,テレビ,家電リサイクル法により有料でメーカーが引取り,て
粗大ごみ,テレビアンテナ,,て
燃やせないごみ,TVゲーム機,30cm角程度より大きいものは粗大ごみ,て
粗大ごみ,テレビ台,,て
燃やせないごみ,テレホンカード,,て
燃やせないごみ,電気あんか,,て
市で処理できない,電気温水器,販売店・専門の処理業者に相談するか、引取りを依頼してください。,て
粗大ごみ,電気カーペット,,て
燃やせないごみ,電気蚊とり器,,て
燃やせないごみ,電気かみそり,,て
燃やせないごみ,電気コード,,て
粗大ごみ,電気こたつ,,て
燃やせないごみ,電気コンロ,,て
燃やせないごみ,電気スタンド,30cm角程度より大きいものは粗大ごみ,て
粗大ごみ,電気ストーブ,,て
粗大ごみ,電気ドリル,30cm角程度より小さいものは燃やせないごみ。家庭用に限る。,て
燃やせないごみ,電気ポット,,て
粗大ごみ,電気毛布,,て
粗大ごみ,電気餅つき機,,て
燃やせないごみ,電球,新聞紙・紙のケースなどに包んで出してください。,て
燃やせないごみ,電源アダプター,,て
粗大ごみ,電子オルガン,,て
粗大ごみ,電磁調理器,30cm角程度より小さいものは燃やせないごみ,て
燃やせないごみ,電子手帳,,て
粗大ごみ,電子ピアノ,なるべく販売店で引き取ってもらってください。,て
粗大ごみ,電子レンジ,,て
粗大ごみ,天体望遠鏡,,て
燃やせないごみ,電卓,,て
市で処理できない,電池充電式,販売店等の回収ボックスに出してください。,て
有害ごみ,電池乾電池,市役所・支所の回収箱に入れるか、粗大ごみを出すときに透明のポリ袋に入れて出してください。,て
有害ごみ,電池ボタン型,市役所・支所の回収箱に入れるか、粗大ごみを出すときに透明のポリ袋に入れて出してください。,て
粗大ごみ,テント,,て
燃やせないごみ,点灯管（グロー球）,,て
粗大ごみ,電動工具,,て
粗大ごみ,電動式自転車,バッテリーを外してください。外したバッテリーは、販売店・専門の処理業者に相談するか、引取りを依頼してください。,て
粗大ごみ,電灯のかさ,30cm角程度より小さいものは燃やせないごみ,て
燃やせないごみ,電動歯ブラシ,電池は外す。,て
燃やせるごみ,天ぷら油,ボロ布などにしみこませるか、凝固剤を使用。地域で廃油回収を行っているところはご協力をお願いします。,て
燃やせないごみ,天ぷらガード,,て
燃やせないごみ,てんぷら鍋,30cm角程度より大きいものは粗大ごみ,て
粗大ごみ,転落防止柵,,て
燃やせないごみ,電話器,,て
粗大ごみ,電話器（FAXつき）,,て
粗大ごみ,電話台,,て
雑誌・ダンボール・紙パック,電話帳,タウンページセンター（電話：0120-506-309）へ回収を依頼,て
粗大ごみ,ドア,日曜大工で出たものに限る。,と
燃やせないごみ,ドアノブ金属製,,と
燃やせないごみ,砥石,,と
雑誌・ダンボール・紙パック,トイレットペーパーの芯,雑がみとして雑誌と一緒に束ねて出す。,と
粗大ごみ,トイレ便座,,と
燃やせないごみ,トイレブラシ,30cm角程度より大きいものは粗大ごみ,と
粗大ごみ,籐家具,30cm角程度より小さいものは燃やせるごみ,と
燃やせないごみ,陶磁器,30cm角程度より大きいものは粗大ごみ,と
プラスチック製容器包装,豆腐パックプラスチック製,,と
市で処理できない,灯油,できるだけ販売店に引き取ってもらう。少量であれば、新聞紙などにしみ込ませて燃やせるごみ,と
粗大ごみ,灯油缶缶・プラスチック製,18リットル以上,と
燃やせないごみ,灯油ポンプ,電動のものは電池を外す。,と
雑誌・ダンボール・紙パック,道路地図,,と
燃やせないごみ,トースター,30cm角程度より大きいものは粗大ごみ,と
燃やせないごみ,時計（掛時計・置時計・腕時計）,30cm角程度より大きいものは粗大ごみ。電池は外す。,と
燃やせないごみ,登山用シューズ,,と
粗大ごみ,戸棚,,と
粗大ごみ,トタン,日曜大工で出たものに限る。2枚で1個。,と
粗大ごみ,トタン板プラスチック・ブリキ製,日曜大工で出たものに限る。,と
燃やせないごみ,とっくり（陶磁器製）,,と
燃やせないごみ,土鍋,30cm角程度より大きいものは粗大ごみ,と
燃やせないごみ,土のう袋プラスチック製,中の土は庭などで処理してください。,と
燃やせないごみ,土瓶,,と
燃やせないごみ,ドライバー（ネジ回し）,,と
燃やせるごみ,ドライフラワー,,と
燃やせないごみ,ドライヤー,,と
粗大ごみ,ドラム缶,,と
粗大ごみ,ドラムセット,,と
粗大ごみ,トランク（スーツケース）,,と
燃やせないごみ,トランシーバー,電池は外す。,と
粗大ごみ,トランポリン（玩具）,,と
粗大ごみ,鳥かご金属製,30cm角程度より小さいものは燃やせないごみ,と
燃やせるごみ,ドリップ用フィルター,,と
燃やせるごみ,塗料,新聞紙などにしみ込ませる。,と
燃やせないごみ,塗料缶,必ず中身を使い切って、出してください。（一斗缶は粗大ごみ）,と
缶・びん・ペットボトル,ドリンク剤のびん,,と
燃やせないごみ,ドリンク剤のびんのキャップ金属製,,と
プラスチック製容器包装,トレイプラスチック製,お惣菜・刺身などの食品トレイ、冷凍食品などのトレイ,と
燃やせるごみ,トレイ紙製,リサイクルが困難なため,と
燃やせるごみ,トレイ木製,30cm角程度より大きいものは粗大ごみ,と
燃やせないごみ,トレイ金属・プラスチック製,,と
粗大ごみ,トレーニング機器,,と
粗大ごみ,ドレッサー（姿見）,,と
缶・びん・ペットボトル,ドレッシング容器びん,,と
プラスチック製容器包装,ドレッシング容器プラスチック製,必ず中身を使い切って、汚れを落とす。,と
市で処理できない,泥,庭やプランターの土に混ぜて処理してください。,と
プラスチック製容器包装,トロ箱発泡スチロール,,と
粗大ごみ,トロ箱木製,,と
燃やせないごみ,トロフィー,30cm角程度より大きいものは粗大ごみ,と
燃やせないごみ,どんぶり陶器・プラスチック製,,と
燃やせないごみ,ナイフ,危険のないように新聞紙等で包む。,な
プラスチック製容器包装,苗木のポットプラスチック製,,な
燃やせないごみ,長靴,,な
市で処理できない,流し台,販売店・専門の処理業者に相談するか、引取りを依頼してください。,な
燃やせないごみ,ナタ,危険のないように新聞紙等で包む。,な
プラスチック製容器包装,納豆の容器プラスチック製,汚れを落して出してください。,な
燃やせないごみ,鍋,30cm角程度より大きいものは粗大ごみ,な
燃やせるごみ,鍋敷き布・木製,,な
燃やせないごみ,鍋敷き布・木製以外,,な
燃やせるごみ,鍋つかみ布製,,な
燃やせるごみ,生ごみ,,な
粗大ごみ,生ごみ処理容器（コンポスト）,,な
燃やせないごみ,鉛（つり用）,,な
市で処理できない,波板（農業用）,販売店・専門の処理業者に相談するか、引取りを依頼してください。産業廃棄物の処理については、県環境指導課（電話：088-621-2269）へお問い合わせください。,な
粗大ごみ,波板トタン,日曜大工で出たものに限る。2枚で1個。,な
燃やせるごみ,縄布製等,1m程度に切ってください。,な
燃やせないごみ,縄ビニール製,,な
燃やせるごみ,縄跳び布製,,な
燃やせないごみ,縄跳びビニール製,,な
市で処理できない,ニカド電池,販売店等の回収ボックスに出してください。,に
市で処理できない,荷車,販売店・専門の処理業者に相談するか、引取りを依頼してください。,に
市で処理できない,ニス,販売店・専門の処理業者に相談するか、引取りを依頼してください。,に
粗大ごみ,二段ベッド,,に
市で処理できない,ニッケル水素電池,販売店等の回収ボックスに出してください。,に
燃やせないごみ,ニッパー,,に
燃やせないごみ,乳酸菌飲料のふたアルミ箔製・金属製,,に
プラスチック製容器包装,乳酸菌飲料のふたプラスチック製,,に
プラスチック製容器包装,乳酸菌飲料の容器プラスチック製,,に
雑誌・ダンボール・紙パック,乳酸菌飲料の容器紙製,500ミリリットル未満のものは燃やせるごみ,に
缶・びん・ペットボトル,乳酸菌飲料の容器びん,,に
燃やせないごみ,入浴剤の缶,必ず中身を使い切って出してください。,に
プラスチック製容器包装,入浴剤の袋プラスチック製,必ず中身を使い切って出してください。,に
燃やせるごみ,庭木直径5cm以内のもの,長さ30cm程度にし、袋に入れる（5袋まで。草・落葉含む。）,に
粗大ごみ,庭木直径5cmより太いもの,1m程度に切ってください。,に
燃やせないごみ,人形プラスチック製,30cm角程度より大きいものは粗大ごみ,に
燃やせるごみ,人形布・紙製,,に
粗大ごみ,人形飾りひな壇,,に
粗大ごみ,人形ケース,30cm角程度より小さいものは燃やせないごみ,に
燃やせるごみ,ぬいぐるみ,45リットルのごみ袋に入らないものは粗大ごみ,ぬ
燃やせないごみ,縫い針,危険のないように新聞紙等で包む。,ぬ
燃やせるごみ,ぬか・ぬかみそ,,ぬ
燃やせるごみ,布類 （布くず・布ぎれ）,小さく切って袋に入れる。,ぬ
プラスチック製容器包装,塗り薬のチューブプラスチック製,汚れのとれないものは燃やせないごみ,ぬ
燃やせないごみ,塗り薬のチューブ金属製,,ぬ
燃やせないごみ,ネガ（写真用）,,ね
燃やせるごみ,ネクタイ,,ね
粗大ごみ,ねこ車,,ね
燃やせないごみ,ねじ,,ね
燃やせないごみ,ねずみ捕り（金属製）,,ね
燃やせないごみ,ネックレス,,ね
プラスチック製容器包装,ネット（食品梱包用）プラスチック製,みかんのネット等,ね
燃やせるごみ,寝袋,小さく切って袋に入れる。,ね
プラスチック製容器包装,ねりわさび等のチューブプラスチック製,汚れのとれないものは燃やせないごみ,ね
燃やせないごみ,ねりわさび等のチューブ金属製,,ね
燃やせるごみ,粘着テープ,ビニール製は燃やせないごみ,ね
燃やせるごみ,粘土紙,,ね
燃やせないごみ,粘土土,,ね
市で処理できない,農機具（耕運機など）,販売店・専門の処理業者に相談するか、引取りを依頼してください。産業廃棄物の処理については、県環境指導課（電話：088-621-2269）へお問い合わせください。,の
市で処理できない,農機具につける爪や刃,販売店・専門の処理業者に相談するか、引取りを依頼してください。産業廃棄物の処理については、県環境指導課（電話：088-621-2269）へお問い合わせください。,の
市で処理できない,農業用の波板,販売店・専門の処理業者に相談するか、引取りを依頼してください。産業廃棄物の処理については、県環境指導課（電話：088-621-2269）へお問い合わせください。,の
市で処理できない,農業用ビニール（ネット）,販売店・専門の処理業者に相談するか、引取りを依頼してください。産業廃棄物の処理については、県環境指導課（電話：088-621-2269）へお問い合わせください。,の
市で処理できない,農業用肥料袋,販売店・専門の処理業者に相談するか、引取りを依頼してください。産業廃棄物の処理については、県環境指導課（電話：088-621-2269）へお問い合わせください。,の
市で処理できない,農薬,販売店・専門の処理業者に相談するか、引取りを依頼してください。,の
市で処理できない,農薬の容器,販売店・専門の処理業者に相談するか、引取りを依頼してください。,の
雑誌・ダンボール・紙パック,ノート,雑誌と一緒に束ねて出す。,の
市で処理できない,ノートパソコン,資源有効利用促進法により有料または無料でメーカーが引取り,の
燃やせないごみ,のこぎり,刃の部分は危険のないように新聞紙等で包む。45リットルのごみ袋に入らないものは粗大ごみ。,の
燃やせないごみ,ノミ（工具）,危険のないように新聞紙等で包む。,の
缶・びん・ペットボトル,海苔の容器缶・びん,,の
プラスチック製容器包装,海苔の容器プラスチック製,,の
プラスチック製容器包装,糊の容器プラスチック製,必ず中身を使い切って、汚れを落とす。,の
燃やせるごみ,のれん,,の
燃やせるごみ,歯,,は
粗大ごみ,バーベキューコンロ,,は
粗大ごみ,バーベル,,は
燃やせないごみ,ハーモニカ,,は
燃やせるごみ,灰（焼却灰）,当日の朝、十分水を含ませて出してください。,は
粗大ごみ,バイオリン,,は
市で処理できない,バイク,販売店・専門の処理業者に相談するか、引取りを依頼してください。,は
粗大ごみ,ハイザー（こめびつ）,,は
燃やせないごみ,灰皿,,は
燃やせないごみ,パイプ金属・プラスチック製,30cm角程度より大きいものは粗大ごみ,は
粗大ごみ,パイプ椅子,,は
粗大ごみ,パイプハンガー,,は
燃やせるごみ,廃油（食用油）,ボロ布などにしみこませるか、凝固剤を使用。地域で廃油回収を行っているところはご協力をお願いします。,は
燃やせないごみ,バインダー,,は
燃やせないごみ,ハエたたき,,は
雑誌・ダンボール・紙パック,はがき,雑がみとして雑誌と一緒に束ねて出す。個人情報が含まれる部分は、小さく切って出してください。,は
燃やせないごみ,はかり,,は
燃やせないごみ,白熱電球,,は
燃やせるごみ,ハケ木製,,は
燃やせないごみ,ハケ木製以外,,は
燃やせないごみ,バケツ,45リットルのごみ袋に入らないものは粗大ごみ,は
燃やせるごみ,羽子板,30cm角程度より大きいものは粗大ごみ,は
燃やせないごみ,はさみ,刃の部分は危険のないように新聞紙等で包む。,は
燃やせないごみ,箸プラスチック製,,は
燃やせるごみ,箸竹・木製,,は
粗大ごみ,はしごアルミ・木製,,は
粗大ごみ,柱時計,30cm角程度より小さいものは燃やせないごみ,は
燃やせるごみ,バスタオル,,は
燃やせないごみ,バスブーツプラスチック製,,は
燃やせないごみ,バスマットプラスチック製,45リットルのごみ袋に入らないものは粗大ごみ,は
燃やせるごみ,バスマット布製,,は
燃やせるごみ,パズル紙製,リサイクルが困難なため。台紙は小さく切ってください。プラスチック製は燃やせないごみ。,は
粗大ごみ,パズルマット,,は
燃やせるごみ,バスローブ,小さく切って袋に入れる。,は
市で処理できない,パソコン,資源有効利用促進法により有料または無料でメーカーが引取り,は
燃やせないごみ,パソコンキーボード,30cm角程度より大きいものは粗大ごみ,は
粗大ごみ,パソコン台,,は
市で処理できない,パソコン用ディスプレイ,資源有効利用促進法により有料または無料でメーカーが引取り,は
雑誌・ダンボール・紙パック,バター・マーガリンの外箱紙製,,は
プラスチック製容器包装,バター・マーガリンの容器プラスチック製,必ず中身を使い切って、汚れを落とす。,は
粗大ごみ,パターマット,,は
燃やせるごみ,ハタキ竹・木製,45リットルの袋に入らないものは粗大ごみ,は
燃やせないごみ,ハタキプラスチック製,,は
燃やせないごみ,鉢（植木用）陶器・プラスチック製,30cm角程度より大きいものは粗大ごみ,は
燃やせないごみ,鉢（ラーメン・丼用）,30cm角程度より大きいものは粗大ごみ,は
燃やせないごみ,鉢（金属・ガラス製）,30cm角程度より大きいものは粗大ごみ,は
市で処理できない,発煙筒,販売店・専門の処理業者に相談するか、引取りを依頼してください。,は
燃やせないごみ,バッグ,45リットルの袋に入らないものは粗大ごみ,は
市で処理できない,バッテリー,販売店・専門の処理業者に相談するか、引取りを依頼してください。,は
市で処理できない,発電機,販売店・専門の処理業者に相談するか、引取りを依頼してください。,は
粗大ごみ,バット（スポーツ用）木・金属製,,は
燃やせるごみ,法被,小さく切って袋に入れる。,は
プラスチック製容器包装,発泡スチロール,家電製品等を保護しているもの,は
燃やせないごみ,バトミントンシャトル,コルク製は燃やせるごみ,は
燃やせないごみ,バトミントンラケット,木製は燃やせるごみ（ガットははずして燃やせないごみへ）,は
燃やせるごみ,花火,水に十分浸してから出してください。,は
プラスチック製容器包装,花火の外袋プラスチック製,,は
雑誌・ダンボール・紙パック,花火の台紙,,は
燃やせるごみ,パフ（化粧用）,,は
燃やせないごみ,歯ブラシ,,は
プラスチック製容器包装,歯ブラシの入った容器プラスチック製,,は
プラスチック製容器包装,歯磨き粉のチューブプラスチック製,汚れのとれないものは燃やせないごみ,は
燃やせないごみ,歯磨き粉のチューブ金属製,,は
燃やせないごみ,刃物,危険のないように新聞紙等で包む。,は
粗大ごみ,パラソル（ビーチ）,,は
粗大ごみ,パラボラアンテナ（家庭用）,,は
燃やせないごみ,バランプラスチック製,,は
燃やせないごみ,針,紙などで包む。,は
燃やせないごみ,針金,,は
燃やせないごみ,針金ハンガー,,は
燃やせないごみ,バルサン（くん煙殺虫剤）の容器金属製,,は
燃やせないごみ,バレーボール,中の空気を抜いてから出してください。,は
市で処理できない,パレット（運送用）,販売店・専門の処理業者に相談するか、引取りを依頼してください。,は
粗大ごみ,ハロゲンヒーター,,は
燃やせないごみ,ハンガー,,は
粗大ごみ,ハンガーラック,,は
燃やせるごみ,ハンカチ,,は
燃やせるごみ,はんこ木製,,は
燃やせないごみ,はんこ木製以外,,は
燃やせないごみ,飯ごう,,は
雑誌・ダンボール・紙パック,半紙,,は
燃やせるごみ,絆創膏,,は
燃やせないごみ,はんだごて,,は
燃やせないごみ,パンチ（文具）,,は
燃やせないごみ,ハンドクリーナー,,は
プラスチック製容器包装,ハンドクリームの容器プラスチック製,必ず中身を使い切って、汚れを落とす。,は
燃やせないごみ,ハンドクリームの容器びん,,は
燃やせないごみ,ハンドバッグ,布製は燃やせるごみ,は
燃やせないごみ,ハンドミキサー,,は
燃やせないごみ,ハンドモップ,,は
燃やせないごみ,ハンドルカバー,,は
プラスチック製容器包装,パンの袋,,は
プラスチック製容器包装,パンの袋の止め具プラスチック製,,は
雑誌・ダンボール・紙パック,パンフレット,,は
燃やせないごみ,ハンマー（かなづち）,30cm角程度より大きいものは粗大ごみ,は
粗大ごみ,パン焼き機（ホームベーカリー）,,は
燃やせないごみ,ピアス,,ひ
粗大ごみ,ピアニカ,,ひ
市で処理できない,ピアノグランドピアノ,販売店・専門の処理業者に相談するか、引取りを依頼してください。,ひ
粗大ごみ,ピアノグランドピアノ以外,,ひ
燃やせないごみ,ピアノ線,,ひ
燃やせないごみ,PHS,携帯電話販売店で無料回収しています。,ひ
燃やせないごみ,PHSの充電器,携帯電話販売店で無料回収しています。,ひ
粗大ごみ,BS（CS）チューナー,30cm角程度より小さいものは燃やせないごみ,ひ
粗大ごみ,BSアンテナ,,ひ
燃やせないごみ,ビーズ,,ひ
粗大ごみ,ヒーター,,ひ
燃やせないごみ,ビー玉,,ひ
燃やせないごみ,ビーチサンダル,,ひ
粗大ごみ,ビーチパラソル,,ひ
燃やせないごみ,ビーチボール,空気を抜いて出してください。,ひ
粗大ごみ,ビーチマット,空気を抜いて出してください。,ひ
燃やせないごみ,ピーラー（皮むき器）,,ひ
缶・びん・ペットボトル,ビール缶,,ひ
粗大ごみ,ビールケース,できるだけ購入した販売店等に返却してください。,ひ
缶・びん・ペットボトル,ビールびん,できるだけ購入した販売店等に返却してください。,ひ
燃やせないごみ,ビールびんのふた,,ひ
燃やせないごみ,魚籠（びく）プラスチック製,,ひ
燃やせるごみ,魚籠（びく）布製,,ひ
燃やせないごみ,ひげそり,,ひ
燃やせないごみ,ひげそり（電気式）,電池、バッテリーは外す。,ひ
燃やせないごみ,ひげそりの替え刃,危険のないように新聞紙等で包む。,ひ
雑誌・ダンボール・紙パック,ピザの紙箱,汚れのとれないものは燃やせるごみ,ひ
燃やせないごみ,ビデオカメラ,30cm角程度より大きいものは粗大ごみ,ひ
燃やせないごみ,ビデオテープ,,ひ
燃やせないごみ,ビデオテープのケース,,ひ
粗大ごみ,ビデオデッキ,,ひ
粗大ごみ,ひな壇,,ひ
粗大ごみ,ひな人形セット,,ひ
プラスチック製容器包装,ビニール（包装など）プラスチック製,,ひ
燃やせないごみ,ビニールカバン,30cm角程度より大きいものは粗大ごみ,ひ
粗大ごみ,ビニールクロス,日曜大工で出たものに限る。,ひ
粗大ごみ,ビニールシート（ブルーシート等）,,ひ
燃やせないごみ,ビニールテープ・ひも,,ひ
燃やせないごみ,ビニールバッグ,30cm角程度より大きいものは粗大ごみ,ひ
粗大ごみ,ビニールプール,空気を抜いて出してください。,ひ
プラスチック製容器包装,ビニール袋（ポリ袋）ポリエチレン等,商品を入れていたもの,ひ
燃やせないごみ,ビニール風呂敷,,ひ
燃やせないごみ,ビニールホース,1m以下に切ってください。45リットルの袋に入らないものは粗大ごみ,ひ
燃やせないごみ,火ばさみ,,ひ
燃やせないごみ,火箸,,ひ
粗大ごみ,火鉢,30cm角程度より小さいものは燃やせないごみ,ひ
燃やせるごみ,ひも布製,,ひ
燃やせないごみ,ひもビニール製,1m以下に切ってください。,ひ
燃やせないごみ,100円ライター,必ず中身を使い切って出してください。,ひ
雑誌・ダンボール・紙パック,百科事典,,ひ
燃やせないごみ,ヒューズ,,ひ
粗大ごみ,びょうぶ,,ひ
燃やせるごみ,肥料,家庭菜園用に限る。,ひ
プラスチック製容器包装,肥料袋（家庭用）プラスチック製,,ひ
燃やせないごみ,肥料袋（家庭用）プラスチック製以外,紙製のものは燃やせるごみ,ひ
缶・びん・ペットボトル,びん（飲料用）,,ひ
燃やせないごみ,ピンセット,,ひ
雑誌・ダンボール・紙パック,便箋,雑がみとして雑誌と一緒に束ねて出す。,ひ
燃やせないごみ,ピン留め,,ひ
燃やせないごみ,びんのキャップ金属製,,ひ
プラスチック製容器包装,びんのキャッププラスチック製,,ひ
燃やせないごみ,ファィルプラスチック製,,ふ
燃やせないごみ,ファスナー,,ふ
粗大ごみ,ファックス付き電話,,ふ
粗大ごみ,ファンシーケース,,ふ
燃やせないごみ,ファンデーションのケース,,ふ
粗大ごみ,ファンヒーター,必ず中身の灯油、乾電池は取り除いてください。,ふ
燃やせないごみ,フィルター（空気清浄機など）,紙製のフィルターは燃やせるごみ,ふ
燃やせないごみ,フィルム（ネガ）,,ふ
雑誌・ダンボール・紙パック,フィルム（カメラ用）の紙箱,,ふ
燃やせないごみ,フィルム（カメラ用）のケース,,ふ
プラスチック製容器包装,フィルム（商品の包装用）,,ふ
燃やせないごみ,風船,,ふ
燃やせないごみ,ブーツ,,ふ
雑誌・ダンボール・紙パック,封筒,雑がみとして雑誌と一緒に束ねて出す。窓のビニールは取り除く。,ふ
燃やせないごみ,フードプロセッサー,,ふ
燃やせないごみ,風鈴,,ふ
燃やせないごみ,プール（幼児用）,空気を抜いて出してください。,ふ
燃やせないごみ,笛プラスチック製,,ふ
燃やせるごみ,笛竹製,,ふ
燃やせるごみ,フェルト,,ふ
市で処理できない,フェンス,販売店・専門の処理業者に相談するか、引取りを依頼してください。,ふ
燃やせないごみ,フォークプラスチック・金属製,,ふ
燃やせるごみ,フォーク木製,,ふ
燃やせるごみ,ふきん,,ふ
プラスチック製容器包装,袋・ラップ類プラスチック製,菓子袋・レジ袋・包装用フィルム・あめなどの包み,ふ
粗大ごみ,ふすま,日曜大工で出たものに限る。,ふ
雑誌・ダンボール・紙パック,付箋紙,封筒や紙袋に入れて、雑紙として出す。,ふ
燃やせないごみ,ふた・キャップ金属製,,ふ
プラスチック製容器包装,ふた・キャッププラスチック製,,ふ
燃やせないごみ,フック金属・プラスチック製,,ふ
燃やせるごみ,フック木製,,ふ
雑誌・ダンボール・紙パック,ブックカバー紙製,,ふ
燃やせないごみ,ブックカバー紙製以外,,ふ
粗大ごみ,仏壇,,ふ
粗大ごみ,フットバス,,ふ
燃やせないごみ,筆プラスチック製,,ふ
燃やせるごみ,筆木・竹製,,ふ
燃やせるごみ,筆箱布製,,ふ
燃やせないごみ,筆箱ビニール・金属製,,ふ
粗大ごみ,布団,2枚で1個扱い,ふ
燃やせるごみ,布団カバー,小さく切って袋に入れる。,ふ
粗大ごみ,布団乾燥機,,ふ
燃やせないごみ,布団たたきプラスチック製,,ふ
燃やせるごみ,布団たたき竹製,,ふ
燃やせるごみ,布団袋布製,小さく切って袋に入れる。,ふ
燃やせないごみ,布団袋布製以外,,ふ
粗大ごみ,踏み台,,ふ
燃やせないごみ,フライ返し,,ふ
燃やせないごみ,フライパン,,ふ
粗大ごみ,ブラインド,日曜大工で出たものに限る。,ふ
燃やせないごみ,プラグ（スパークプラグ）,,ふ
粗大ごみ,ぶら下がり健康器具,,ふ
燃やせないごみ,ブラシプラスチック・金属製,,ふ
燃やせるごみ,ブラシ木製,,ふ
プラスチック製容器包装,プラスチック（包装）フィルム,,ふ
燃やせないごみ,プラスチックケース,30cm角程度より大きいものは粗大ごみ,ふ
市で処理できない,プラズマテレビ,家電リサイクル法により、メーカーが有料で引取り。,ふ
燃やせないごみ,プラモデル,30cm角程度より大きいものは粗大ごみ,ふ
雑誌・ダンボール・紙パック,プラモデルの紙箱,,ふ
粗大ごみ,フラワースタンド,,ふ
粗大ごみ,ブランコ（家庭用遊具）,,ふ
粗大ごみ,プランター,30cm角程度より小さいものは燃やせないごみ,ふ
燃やせないごみ,ブリキ製品,30cm角程度より大きいものは粗大ごみ,ふ
粗大ごみ,プリンター,30cm角程度より小さいものは燃やせないごみ,ふ
燃やせないごみ,プリントごっこ,30cm角程度より大きいものは粗大ごみ,ふ
雑誌・ダンボール・紙パック,プリント類（学校等での配付物）,個人情報が含まれる部分は、小さく切ってください。,ふ
プラスチック製容器包装,プリンのカップ,,ふ
プラスチック製容器包装,プリンの外包装フィルム,,ふ
雑誌・ダンボール・紙パック,プリンの台紙,,ふ
プラスチック製容器包装,プリンのふたプラスチック製,,ふ
燃やせないごみ,プリンのふたプラスチック製以外,,ふ
燃やせないごみ,ふるい金属・プラスチック製,30cm角程度より大きいものは粗大ごみ,ふ
粗大ごみ,ブルーシート,,ふ
燃やせないごみ,ブレスレット,,ふ
市で処理できない,風呂釜,販売店・専門の処理業者に相談するか、引取りを依頼してください。,ふ
粗大ごみ,プロジェクションテレビ,,ふ
燃やせるごみ,風呂敷,,ふ
燃やせないごみ,ブロック（おもちゃ）プラスチック製,,ふ
粗大ごみ,ブロック（コンクリート）,日曜大工で出たものに限る。,ふ
燃やせないごみ,フロッピーディスク,,ふ
燃やせないごみ,フロッピーディスクのケース,,ふ
燃やせないごみ,風呂の椅子プラスチック製,,ふ
燃やせるごみ,風呂の椅子木製,,ふ
粗大ごみ,風呂のふたプラスチック製,,ふ
燃やせないごみ,風呂のマット発泡ウレタン,45リットルのごみ袋に入らないものは粗大ごみ,ふ
市で処理できない,プロパンガスボンベ,販売店・専門の処理業者に相談するか、引取りを依頼してください。,ふ
燃やせないごみ,風呂用ブーツ,,ふ
雑誌・ダンボール・紙パック,文庫本,,ふ
燃やせないごみ,文鎮,,ふ
粗大ごみ,噴霧器,,ふ
燃やせないごみ,ヘアスプレー,必ず中身を使い切って、屋外で穴を開けて、他の燃やせないごみとは別袋にして出してください。,へ
プラスチック製容器包装,ヘアスプレーのキャッププラスチック製,,へ
プラスチック製容器包装,ヘアスプレーの外包装フィルム,,へ
燃やせないごみ,ヘアドライヤー,,へ
燃やせないごみ,ヘアバンド布製以外,,へ
燃やせるごみ,ヘアバンド布製,,へ
燃やせないごみ,ヘアピン,,へ
燃やせないごみ,ヘアーブラシプラスチック製,,へ
燃やせるごみ,ヘアーブラシ木製,,へ
燃やせるごみ,ペーパータオル,,へ
燃やせないごみ,ペーパーナイフ金属製,危険のないように新聞紙等で包んでください。,へ
燃やせるごみ,ペーパーナイフ木製,危険のないように新聞紙等で包んでください。,へ
粗大ごみ,ベッド,スプリングマットについては販売店・専門の処理業者に相談するか、引取りを依頼してください。,へ
燃やせないごみ,ペットのキャリーバック,30cm角程度より大きいものは粗大ごみ,へ
粗大ごみ,ペットの小屋,解体をお願いする場合があります。,へ
粗大ごみ,ペットのサークル,,へ
0,ペットの死体犬・ねこ,東部環境事業所業務課までご連絡ください。,へ
0,ペットの死体その他の動物,市民環境政策課までご連絡ください。,へ
燃やせないごみ,ペットのトイレ,30cm角程度より大きいものは粗大ごみ,へ
燃やせるごみ,ペットのトイレシート,,へ
燃やせるごみ,ペットのトイレ砂販売しているもの,ふんは取り除いてください。,へ
雑誌・ダンボール・紙パック,ペットフードの紙箱,,へ
缶・びん・ペットボトル,ペツトフードの缶,必ず中身を使い切って、汚れを落とす。,へ
プラスチック製容器包装,ペットフードの袋プラスチック製,,へ
燃やせないごみ,ヘッドホン,,へ
缶・びん・ペットボトル,ペットボトル,飲料用・酒・みりん・しょうゆのペットボトルに限る。,へ
プラスチック製容器包装,ペットボトルのフタ,,へ
プラスチック製容器包装,ペットボトルのラベル,,へ
粗大ごみ,ベッドマット,スプリングマットについては販売店・専門の処理業者に相談するか、引取りを依頼してください。,へ
粗大ごみ,ベニヤ板,30cm角程度より小さいものは燃やせるごみ。日曜大工で出たものに限る。,へ
燃やせないごみ,ベビー椅子,30cm角程度より大きいものは粗大ごみ,へ
粗大ごみ,ベビーカー,,へ
粗大ごみ,ベビーガード,,へ
粗大ごみ,ベビークーハン（ベビーキャリー）,,へ
粗大ごみ,ベビーサークル,,へ
粗大ごみ,ベビー体重計,,へ
粗大ごみ,ベビーバス,30cm角程度より小さいものは燃やせないごみ,へ
粗大ごみ,ベビーベッド,,へ
燃やせるごみ,へら木製,,へ
燃やせないごみ,へら木製以外,,へ
燃やせないごみ,ベルト・バンド皮・ビニール製,,へ
粗大ごみ,ヘルメットフルフェイス後頭部有,,へ
燃やせないごみ,ヘルメット野球用・工事用,家庭から出たものに限る。,へ
燃やせないごみ,ペン,,へ
燃やせるごみ,ペンキ,新聞紙などにしみ込ませる。,へ
燃やせないごみ,ペンキの空き缶,必ず中身を使い切ってください。,へ
燃やせないごみ,ペンキのスプレー缶,必ず中身を使い切って風通しの良い屋外等で穴を開けて、他の燃やせないごみとは別袋にして出してください。,へ
粗大ごみ,勉強机,,へ
粗大ごみ,便座,,へ
燃やせるごみ,便座カバー布製,,へ
燃やせるごみ,ベンジン,新聞紙などにしみ込ませる。,へ
燃やせないごみ,ベンジンの容器びん・金属製,必ず中身を使い切って出してください。,へ
粗大ごみ,ベンチ,家庭から出たものに限る。,へ
プラスチック製容器包装,弁当・惣菜の容器プラスチック製,,へ
雑誌・ダンボール・紙パック,弁当・惣菜の容器紙製,汚れのとれないものは燃やせるごみ,へ
燃やせないごみ,弁当箱プラスチック・金属製,,へ
燃やせないごみ,ペンライト,電池は外す。,へ
市で処理できない,ホイール（車両用）,販売店・専門の処理業者に相談するか、引取りを依頼してください。産業廃棄物の処理については、県環境指導課（電話：088-621-2269）へお問い合わせください。,ほ
燃やせないごみ,ホイールキャップ,,ほ
市で処理できない,ボイラー,販売店・専門の処理業者に相談するか、引取りを依頼してください。産業廃棄物の処理については、県環境指導課（電話：088-621-2269）へお問い合わせください。,ほ
燃やせないごみ,望遠鏡,30cm角程度より大きいものは粗大ごみ,ほ
燃やせないごみ,望遠レンズ,,ほ
燃やせるごみ,ほうき竹・木製,45リットルのごみ袋に入らないものは粗大ごみ,ほ
燃やせないごみ,ほうきプラスチック製,45リットルのごみ袋に入らないものは粗大ごみ,ほ
プラスチック製容器包装,芳香剤の容器プラスチック製,中身を使い切って出してください。,ほ
燃やせないごみ,芳香剤の容器プラスチック製以外,,ほ
燃やせるごみ,帽子,革・プラスチック製の帽子は燃やせないごみ,ほ
プラスチック製容器包装,防臭剤の容器プラスチック製,中身を使い切って出してください。,ほ
雑誌・ダンボール・紙パック,包装紙,雑がみとして雑誌と一緒に束ねて出す。,ほ
プラスチック製容器包装,包装用フィルム,,ほ
燃やせるごみ,包帯,,ほ
燃やせるごみ,防虫剤,,ほ
プラスチック製容器包装,防虫剤の容器プラスチック製,,ほ
燃やせるごみ,防虫シート（衣類用）,,ほ
燃やせないごみ,包丁,刃の部分は危険のないように新聞紙等で包む。,ほ
燃やせないごみ,包丁研ぎ器,,ほ
粗大ごみ,ボウリングのボール,,ほ
燃やせるごみ,ボウル木製,,ほ
燃やせないごみ,ボウル木製以外,,ほ
燃やせないごみ,ほうろう鍋,,ほ
燃やせないごみ,ホース（ゴムホース）,1m以下に切ってください。45リットルの袋に入らないものは粗大ごみ。,ほ
粗大ごみ,ホースドラム（ホースリール）,,ほ
粗大ごみ,ポータブルトイレ,洗浄してください。,ほ
燃やせないごみ,ポータブルプレイヤー,,ほ
粗大ごみ,ポータブル冷蔵庫（車載用）,,ほ
燃やせないごみ,ポーチ布製以外,,ほ
燃やせるごみ,ポーチ布製,,ほ
市で処理できない,ボート（釣り用など）木製・プラスチック製等,販売店・専門の処理業者に相談するか、引取りを依頼してください。ゴムボートは粗大ごみ。,ほ
燃やせないごみ,ボードゲーム,30cm角程度より大きいものは粗大ごみ,ほ
粗大ごみ,ホームベーカリー,,ほ
燃やせないごみ,ボール,空気を抜けるものは抜いて出してください。,ほ
燃やせないごみ,ボールペン,,ほ
燃やせるごみ,墨汁,新聞紙などにしみ込ませる。,ほ
プラスチック製容器包装,墨汁の容器プラスチック製,必ず中身を使い切って、汚れを落とす。,ほ
粗大ごみ,木刀,,ほ
プラスチック製容器包装,ポケットティッシュの包装,,ほ
燃やせないごみ,ポケットベル,,ほ
粗大ごみ,歩行器,,ほ
雑誌・ダンボール・紙パック,ポスター,雑がみとして雑誌と一緒に束ねて出す。,ほ
粗大ごみ,ポスト（郵便受け）プラスチック・金属製,30cm角程度より小さいものは燃やせないごみ,ほ
粗大ごみ,ボストンバッグ,,ほ
燃やせないごみ,ボタン木製以外,木製のものは燃やせるごみ,ほ
有害ごみ,ボタン型電池,市役所・支所の回収箱に入れるか、粗大ごみを出すときに透明のポリ袋に入れて出してください。,ほ
燃やせないごみ,補聴器,,ほ
燃やせないごみ,ホッチキス,,ほ
燃やせないごみ,ポット,,ほ
粗大ごみ,ホットカーペット,,ほ
粗大ごみ,ホットプレート,,ほ
燃やせないごみ,ボディブラシ,,ほ
雑誌・ダンボール・紙パック,ポテトチップの紙筒,底が金属等複合素材のものは燃やせるごみ,ほ
雑誌・ダンボール・紙パック,ポテトチップの紙筒のふた紙製,,ほ
プラスチック製容器包装,ポテトチップの紙筒のふたプラスチック製,,ほ
プラスチック製容器包装,ポテトチップの袋,,ほ
プラスチック製容器包装,ボトル類プラスチック製,食用油・洗剤・シャンプーなどの容器,ほ
燃やせないごみ,哺乳びんびん・プラスチック類,,ほ
燃やせないごみ,ポラロイドカメラ,,ほ
プラスチック製容器包装,ポラロイドフィルムケースプラスチック製,,ほ
粗大ごみ,ポリタンク（灯油用18リットル以上）,18リットル未満のものは燃やせないごみ,ほ
燃やせないごみ,ポリバケツ,45リットルの袋に入らないものは粗大ごみ,ほ
燃やせないごみ,ボルト・ナット,,ほ
燃やせないごみ,保冷剤,,ほ
燃やせないごみ,保冷バッグ,,ほ
粗大ごみ,ホワイトボード,,ほ
雑誌・ダンボール・紙パック,本,,ほ
燃やせないごみ,盆プラスチック・金属製,30cm角程度より大きいものは粗大ごみ,ほ
燃やせるごみ,盆木製,,ほ
燃やせるごみ,本立て木製,30cm角程度より大きいものは粗大ごみ,ほ
燃やせないごみ,本立て木製以外,,ほ
粗大ごみ,本棚・本箱,,ほ
燃やせないごみ,ボンドの容器金属製,,ほ
プラスチック製容器包装,ボンドの容器プラスチック製,必ず中身を使い切って、汚れを落とす。汚れのとれないものは燃やせないごみ,ほ
燃やせないごみ,ポンプ,ポリタンクから灯油を汲むもの（電動のものは電池を外す。）,ほ
市で処理できない,ボンベ（LP・高圧）,販売店・専門の処理業者に相談するか、引取りを依頼してください。,ほ
燃やせないごみ,マーカーペン,,ま
雑誌・ダンボール・紙パック,マーガリン・バターの外箱紙製,,ま
プラスチック製容器包装,マーガリン・バターの容器プラスチック製,必ず中身を使い切って、汚れを落とす。,ま
粗大ごみ,麻雀卓,,ま
燃やせないごみ,麻雀牌,,ま
粗大ごみ,麻雀マット,,ま
燃やせないごみ,マイク,,ま
粗大ごみ,マイクスタンド,30cm角程度より小さいものは燃やせないごみ,ま
燃やせないごみ,マウス（パソコン用品）,,ま
燃やせないごみ,マウスパッド,,ま
燃やせないごみ,巻き尺,,ま
燃やせないごみ,マグカップ,,ま
燃やせないごみ,マグネット,,ま
燃やせるごみ,まくら布・綿・蕎麦殼,抱きまくらは粗大ごみ,ま
燃やせないごみ,まくらスポンジ・ビーズ製,,ま
燃やせないごみ,水枕,,ま
燃やせるごみ,枕カバー,,ま
燃やせるごみ,孫の手木製,,ま
燃やせないごみ,孫の手木製以外,,ま
燃やせないごみ,マジックペン,,ま
燃やせるごみ,枡木製,,ま
燃やせないごみ,枡木製以外,,ま
燃やせないごみ,マスカラ,,ま
燃やせるごみ,マスク布・紙製,野球用等のフェイスマスクは燃やせないごみ,ま
粗大ごみ,マッサージ機,30cm角程度より小さいものは燃やせないごみ,ま
粗大ごみ,マッサージチェア,,ま
燃やせないごみ,マッシャー,,ま
燃やせるごみ,マッチ,水に濡らして出してください。,ま
燃やせるごみ,マッチ箱紙製等,リサイクルが困難なため,ま
燃やせないごみ,マット,30cm角程度より大きいものは粗大ごみ,ま
市で処理できない,マットレススプリング入り,スプリングが入っているものは販売店の引き取りをお願いします。,ま
粗大ごみ,マットレススプリングなし,,ま
燃やせるごみ,まな板木製,,ま
燃やせないごみ,まな板プラスチック製,,ま
燃やせないごみ,マニキュアのびん,,ま
燃やせるごみ,マフラー（襟巻き）,小さく切って袋に入れる。,ま
市で処理できない,マフラー（オートバイ・自動車）,販売店・専門の処理業者に相談するか、引取りを依頼してください。,ま
燃やせないごみ,魔法瓶,,ま
燃やせないごみ,豆電球,,ま
燃やせるごみ,豆炭,水で濡らして出してください。,ま
プラスチック製容器包装,マヨネーズの外袋,,ま
プラスチック製容器包装,マヨネーズのチューブ,必ず中身を使い切って、汚れを落とす。,ま
燃やせないごみ,マルチシート家庭菜園用,農業用は出さないでください。,ま
雑誌・ダンボール・紙パック,漫画本,,ま
有害ごみ,マンガン電池,市役所・支所の回収箱に入れるか、粗大ごみを出すときに透明のポリ袋に入れて出してください。,ま
燃やせないごみ,万年筆,,ま
粗大ごみ,マンホールのふた（浄化槽用）,,ま
燃やせないごみ,万歩計,電池は外す。,ま
粗大ごみ,みかんコンテナ ,事業用は出さないでください。,み
プラスチック製容器包装,みかん等のネットプラスチック製, ,み
燃やせないごみ,ミキサー ,30cm角程度より大きいものは粗大ごみ,み
粗大ごみ,ミシン ,工業用ミシンは収集できません。,み
燃やせないごみ,水切りかご ,45リットルの袋に入らないものは粗大ごみ,み
燃やせないごみ,水差し , ,み
粗大ごみ,水屋 , ,み
粗大ごみ,ミニコンポ , ,み
市で処理できない,ミニバイク ,販売店・専門の処理業者に相談するか、引取りを依頼してください。,み
燃やせるごみ,耳かき木製, ,み
燃やせないごみ,耳かきプラスチック・金属製, ,み
燃やせないごみ,ミラー（鏡） ,30cm角程度より大きいものは粗大ごみ,み
缶・びん・ペットボトル,ミルク缶 , ,み
燃やせるごみ,麦わら帽子 , ,む
燃やせないごみ,虫かごプラスチック・金属製, ,む
燃やせるごみ,虫かご木・竹製, ,む
粗大ごみ,蒸し器 , ,む
燃やせないごみ,虫ピン ,紙などで包む。,む
燃やせないごみ,虫メガネ , ,む
燃やせないごみ,虫除け（電気式） ,電池は外す。,む
粗大ごみ,むしろ , ,む
燃やせないごみ,無線機 ,30cm角程度より大きいものは粗大ごみ,む
燃やせないごみ,メガネ , ,め
燃やせないごみ,メガネケース , ,め
燃やせないごみ,メガホン紙製以外, ,め
燃やせないごみ,目薬の携帯ケース , ,め
プラスチック製容器包装,目薬の容器プラスチック製,必ず中身を使い切って、キャップをはずして出してください,め
燃やせないごみ,目覚まし時計 ,電池は外す。,め
燃やせないごみ,メジャー , ,め
燃やせないごみ,メダル（金属製） , ,め
燃やせないごみ,メトロノーム , ,め
雑誌・ダンボール・紙パック,メモ用紙 , ,め
粗大ごみ,メリーゴーランド（赤ちゃん用） ,電池は外す。,め
燃やせるごみ,メロディー電報 ,電池は外す。,め
燃やせるごみ,綿棒 , ,め
プラスチック製容器包装,綿棒の容器プラスチック製, ,め
粗大ごみ,毛布 ,2枚で1個扱い,も
燃やせるごみ,木炭 ,水で濡らして出してください。,も
燃やせるごみ,木片 ,30cm角程度より大きいものは粗大ごみ,も
粗大ごみ,もちつき機 , ,も
粗大ごみ,木琴 , ,も
粗大ごみ,モップ ,30cm角程度より小さいものは燃やせないごみ,も
燃やせないごみ,モデルガン , ,も
市で処理できない,物置 ,販売店・専門の処理業者に相談するか、引取りを依頼してください。産業廃棄物の処理については、県環境指導課（電話：088-621-2269）へお問い合わせください。,も
粗大ごみ,物干し竿 ,2本で1個扱い,も
粗大ごみ,物干し（洗濯物干し） ,30cm角程度より小さいものは燃やせないごみ,も
粗大ごみ,物干し台 ,1対で1個扱い,も
燃やせないごみ,やかん ,30cm角程度より大きいものは粗大ごみ,や
燃やせないごみ,焼物陶器,30cm角程度より大きいものは粗大ごみ,や
市で処理できない,薬品類 ,販売店・専門の処理業者に相談するか、引取りを依頼してください。,や
燃やせないごみ,ヤクルトなどのふたアルミ箔製, ,や
プラスチック製容器包装,ヤクルトなどのプラスチック容器 , ,や
プラスチック製容器包装,野菜などの外装フィルム , ,や
燃やせないごみ,野菜などの結束用テープ , ,や
プラスチック製容器包装,野菜ネット , ,や
燃やせないごみ,やすり金属製, ,や
燃やせるごみ,やすり紙製, ,や
燃やせないごみ,郵便受けプラスチック・金属製,30cm角程度より大きいものは粗大ごみ,ゆ
燃やせるごみ,ゆかた ,小さく切って袋に入れる。,ゆ
燃やせないごみ,湯たんぽ , ,ゆ
粗大ごみ,ユニットカーペット , ,ゆ
燃やせるごみ,ユニット芝生 ,土は除く。一世帯、5袋まで。人工芝は粗大ごみ。,ゆ
粗大ごみ,ユニット畳 ,薄手のものに限る。,ゆ
燃やせないごみ,湯飲み茶碗 , ,ゆ
粗大ごみ,ゆりかご , ,ゆ
粗大ごみ,湯沸器 ,日曜大工で出たものに限る。,ゆ
燃やせないごみ,湯沸かしポット , ,ゆ
燃やせないごみ,容器のキャップ金属製, ,ゆ
プラスチック製容器包装,容器のキャッププラスチック製, ,よ
粗大ごみ,幼児用四輪車 , ,よ
粗大ごみ,洋服だんす , ,よ
プラスチック製容器包装,ヨーグルトの外フィルム , ,よ
雑誌・ダンボール・紙パック,ヨーグルトの台紙 , ,よ
燃やせるごみ,ヨーグルトの容器紙製,リサイクルが困難なため,よ
プラスチック製容器包装,ヨーグルトの容器プラスチック製, ,よ
燃やせないごみ,ヨーヨー , ,よ
燃やせないごみ,浴室マットウレタン製,45リットルのごみ袋に入らないものは粗大ごみ,よ
粗大ごみ,浴槽のフタ , ,よ
粗大ごみ,よしず , ,よ
燃やせないごみ,ラーメン鉢 , ,ら
燃やせないごみ,ライター ,必ず中身を使い切って出してください。,ら
燃やせないごみ,ライト ,30cm角程度より大きいものは粗大ごみ,ら
燃やせないごみ,ラインストーン , ,ら
粗大ごみ,ラグ・ラグマット布製,45リットルのごみ袋に入るものは燃やせるごみ,ら
燃やせないごみ,ラケット ,木製は燃やせるごみ,ら
燃やせないごみ,ラジオ ,電池は外す。,ら
燃やせないごみ,ラジカセ ,電池は外す。,ら
燃やせないごみ,ラジコンカー ,電池は外す。,ら
粗大ごみ,ラック , ,ら
燃やせないごみ,ラッパ ,30cm角程度より大きいものは粗大ごみ,ら
プラスチック製容器包装,ラップ商品を包装していたもの,汚れを落として出してください。,ら
燃やせないごみ,ラップ家庭で使用したもの,家庭で食品保存用に使用したラップは、容器包装には該当しないため。,ら
雑誌・ダンボール・紙パック,ラップケース（紙製） , ,ら
燃やせないごみ,ラップケースの刃金属製,紙製はケースごと雑誌・ダンボール・紙パックへ,ら
雑誌・ダンボール・紙パック,ラップの芯紙製,雑がみとして雑誌と一緒に束ねて出す。,ら
プラスチック製容器包装,ラベル（ペットボトル） , ,ら
缶・びん・ペットボトル,ラムネの容器びん, ,ら
プラスチック製容器包装,ラムネの容器プラスチック製, ,ら
粗大ごみ,ランタン（ランプ） ,30cm角程度より小さいものは燃やせないごみ,ら
燃やせないごみ,ランチジャー , ,ら
燃やせないごみ,ランドセル , ,ら
粗大ごみ,ランニングマシーン ,家庭用,ら
燃やせないごみ,ランプ , ,ら
燃やせないごみ,リール（釣り具） , ,り
燃やせないごみ,リコーダー（笛） , ,り
市で処理できない,リチウムイオン電池 ,販売店等の回収ボックスに出してください。,り
有害ごみ,リチウム電池 ,市役所・支所の回収箱に入れるか、粗大ごみを出すときに透明のポリ袋に入れて出してください。,り
燃やせないごみ,リップクリームの容器金属製, ,り
プラスチック製容器包装,リップクリームの容器プラスチック製,必ず中身を使い切って、汚れを落とす。,り
燃やせるごみ,リボン布製, ,り
燃やせないごみ,リボンビニール製, ,り
燃やせないごみ,リモコン ,電池は外す。,り
市で処理できない,リヤカー ,販売店・専門の処理業者に相談するか、引取りを依頼してください。,り
燃やせるごみ,リュックサック布製, ,り
燃やせないごみ,リュックサックビニール・皮製, ,り
粗大ごみ,旅行かばん ,45リットルの袋に入るものは燃やせないごみ,り
プラスチック製容器包装,リンス容器 ,必ず中身を使い切って、汚れを落とす。,り
燃やせないごみ,ルアー , ,る
燃やせないごみ,ルーペ , ,る
市で処理できない,ルームエアコン ,家電リサイクル法により有料でメーカーが引取り,る
粗大ごみ,ルームランナー , ,る
粗大ごみ,冷温庫（ポータブル） , ,れ
粗大ごみ,冷水機（家庭用） , ,れ
市で処理できない,冷蔵庫 ,家電リサイクル法により有料でメーカーが引取り,れ
燃やせないごみ,冷蔵庫用脱臭剤 , ,れ
市で処理できない,冷凍庫 ,家電リサイクル法により有料でメーカーが引取り,れ
粗大ごみ,冷風器 , ,れ
燃やせないごみ,レインコート（カッパ） , ,れ
燃やせないごみ,レコード針 , ,れ
燃やせないごみ,レコード盤 , ,れ
粗大ごみ,レコードプレイヤー , ,れ
燃やせるごみ,レシート ,リサイクルが困難なため,れ
プラスチック製容器包装,レジ袋 ,透明・半透明はごみ袋として使用できます。,れ
燃やせないごみ,レジャーシート , ,れ
プラスチック製容器包装,レトルトパックカレーなど,必ず汚れを落として出してください。,れ
粗大ごみ,れんが ,日曜大工で出たものに限る。,れ
燃やせないごみ,れんげ（中華スプーン） , ,れ
粗大ごみ,レンジ（電子・ガス） , ,れ
粗大ごみ,レンジ台 , ,れ
燃やせるごみ,レンジフードフィルター , ,れ
燃やせないごみ,レンズ , ,れ
燃やせるごみ,練炭 ,水で濡らして出してください。,れ
燃やせないごみ,レンチ , ,れ
燃やせないごみ,老眼鏡 , ,れ
燃やせるごみ,ろうそく , ,ろ
燃やせないごみ,ロープビニール・ナイロン製,1m以下に切ってください。,ろ
燃やせるごみ,ロープ天然繊維製, ,ろ
粗大ごみ,ローボード , ,ろ
燃やせないごみ,ローラー（掃除・塗装用） , ,ろ
燃やせないごみ,ローラースケート , ,ろ
粗大ごみ,ロールカーテン , ,ろ
粗大ごみ,ロッカー ,業務用は市で処理できません。,ろ
粗大ごみ,ワープロ , ,わ
燃やせないごみ,ワープロリボン , ,わ
燃やせるごみ,ワイシャツ ,小さく切って袋に入れる。,わ
市で処理できない,ワイヤー ,販売店・専門の処理業者に相談するか、引取りを依頼してください。,わ
燃やせないごみ,ワイングラス , ,わ
市で処理できない,ワインセラー（ワイン庫） ,家電リサイクル法により有料でメーカーが引取り,わ
燃やせるごみ,輪ゴム , ,わ
雑誌・ダンボール・紙パック,輪ゴムの紙箱 , ,わ
粗大ごみ,ワゴン , ,わ
プラスチック製容器包装,わさび・からしのチューブ ,必ず中身を使い切って、汚れを落とす。,わ
燃やせないごみ,わさび・からしのチューブ ,汚れが落とせないもの。,わ
雑誌・ダンボール・紙パック,和紙 , ,わ
燃やせるごみ,綿 , ,わ
粗大ごみ,和だんす , ,わ
燃やせるごみ,ワックス（中味） ,液体のものは新聞紙などにしみ込ませる。,わ
燃やせないごみ,ワックスの容器金属製,飲料用・食料用の缶でないため,わ
プラスチック製容器包装,ワックスの容器プラスチック製,必ず中身を使い切って出してください。,わ
燃やせるごみ,ワッペン布製, ,わ
燃やせないごみ,ワッペン布製以外, ,わ
燃やせるごみ,割り箸 , ,わ
雑誌・ダンボール・紙パック,割り箸の袋紙製, ,わ
プラスチック製容器包装,割り箸の袋プラスチック製, ,わ
粗大ごみ,ワープロ , ,わ
燃やせないごみ,ワープロリボン , ,わ
